Date,Matchid,Team,TeamId,Opposition,Oppositionid,Venue,Appearances,TimePlayed,Starts,SubstituteOn,SubstituteOff,Goals,FirstGoal,WinningGoal,ShotsOnTargetincgoals,ShotsOffTargetincwoodwork,BlockedShots,PenaltiesTaken,PenaltyGoals,PenaltiesSaved,PenaltiesOffTarget,PenaltiesNotScored,DirectFreekickGoals,DirectFreekickOnTarget,DirectFreekickOffTarget,BlockedDirectFreekick,GoalsfromInsideBox,ShotsOnfromInsideBox,ShotsOfffromInsideBox,BlockedShotsfromInsideBox,GoalsfromOutsideBox,ShotsOnTargetOutsideBox,ShotsOffTargetOutsideBox,BlockedShotsOutsideBox,HeadedGoals,HeadedShotsOnTarget,HeadedShotsOffTarget,HeadedBlockedShots,LeftFootGoals,LeftFootShotsOnTarget,LeftFootShotsOffTarget,LeftFootBlockedShots,RightFootGoals,RightFootShotsOnTarget,RightFootShotsOffTarget,RightFootBlockedShots,OtherGoals,OtherShotsOnTarget,OtherShotsOffTarget,OtherBlockedShots,ShotsClearedoffLine,ShotsClearedoffLineInsideArea,ShotsClearedoffLineOutsideArea,GoalsOpenPlay,GoalsfromCorners,GoalsfromThrows,GoalsfromDirectFreeKick,GoalsfromSetPlay,Goalsfrompenalties,AttemptsOpenPlayontarget,AttemptsfromCornersontarget,AttemptsfromThrowsontarget,AttemptsfromDirectFreeKickontarget,AttemptsfromSetPlayontarget,AttemptsfromPenaltiesontarget,AttemptsOpenPlayofftarget,AttemptsfromCornersofftarget,AttemptsfromThrowsofftarget,AttemptsfromDirectFreeKickofftarget,AttemptsfromSetPlayofftarget,AttemptsfromPenaltiesofftarget,Goalsasasubstitute,TotalSuccessfulPassesAll,TotalUnsuccessfulPassesAll,Assists,KeyPasses,TotalSuccessfulPassesExclCrossesCorners,TotalUnsuccessfulPassesExclCrossesCorners,SuccessfulPassesOwnHalf,UnsuccessfulPassesOwnHalf,SuccessfulPassesOppositionHalf,UnsuccessfulPassesOppositionHalf,SuccessfulPassesDefensivethird,UnsuccessfulPassesDefensivethird,SuccessfulPassesMiddlethird,UnsuccessfulPassesMiddlethird,SuccessfulPassesFinalthird,UnsuccessfulPassesFinalthird,SuccessfulShortPasses,UnsuccessfulShortPasses,SuccessfulLongPasses,UnsuccessfulLongPasses,SuccessfulFlickOns,UnsuccessfulFlickOns,SuccessfulCrossesCorners
08/11/2018,1003168,Al-Baten,9623,Al-Fateh,6772,Home,1,90,11,3,3,2,0,0,3,5,3,0,0,0,0,0,0,1,0,1,2,2,1,2,0,1,4,1,0,0,0,0,0,0,1,2,1,3,4,1,0,0,0,0,0,0,0,1,0,0,0,0,0,2,0,0,1,0,0,5,0,0,0,0,0,0,255,89,1,7,249,79,126,17,119,57,68,5,128,23,49,46,213,40,36,39,1,2,5
08/02/2019,1003251,Al-Baten,9623,Al-Hilal,1317,Home,1,90,11,3,3,2,0,0,5,0,1,0,0,0,0,0,0,0,0,0,1,4,0,1,1,1,0,0,0,1,0,0,0,0,0,0,2,4,0,1,0,0,0,0,0,0,0,1,0,1,0,0,0,1,1,2,0,1,0,0,0,0,0,0,0,0,157,96,1,4,152,90,80,27,68,62,41,9,72,39,35,38,130,50,22,40,0,4,3
31/08/2018,1003110,Al-Baten,9623,Al-Faisaly,6777,Away,1,90,11,3,3,2,0,0,2,2,2,0,0,0,0,0,1,1,0,0,1,1,1,0,1,1,1,2,0,0,0,0,0,0,1,1,2,2,1,1,0,0,0,0,0,0,0,0,1,0,1,0,0,0,1,0,1,0,0,2,0,0,0,0,0,0,187,78,1,3,182,64,76,9,103,55,33,3,86,23,60,38,160,32,22,32,0,1,4
15/03/2019,1003190,Al-Baten,9623,Al-Raed,6773,Away,1,90,11,3,3,0,0,0,6,6,1,0,0,0,0,0,0,1,0,0,0,4,4,1,0,2,2,0,0,1,3,0,0,1,0,0,0,4,3,1,0,0,0,0,0,0,0,0,0,0,0,0,0,4,1,0,1,0,0,2,3,0,0,1,0,0,198,105,0,9,184,92,92,26,85,64,43,4,83,48,51,37,163,52,21,40,2,7,7
05/10/2018,1003141,Al-Baten,9623,Ohod,9624,Away,1,90,11,3,3,1,1,1,4,1,2,0,0,0,0,0,0,1,0,1,1,1,1,1,0,3,0,1,0,1,0,0,0,0,1,0,1,3,0,2,0,0,0,0,0,0,0,1,0,0,0,0,0,1,0,0,1,1,0,0,0,0,0,1,0,1,147,89,1,4,143,81,58,20,79,53,29,4,68,35,40,33,117,40,26,41,1,3,3
22/02/2019,1003267,Al-Baten,9623,Al-Taawon,6778,Away,1,90,11,3,3,1,0,0,3,4,4,0,0,0,0,0,0,1,1,1,0,1,2,1,1,2,2,3,0,0,2,0,0,1,0,0,1,2,2,4,0,0,0,0,0,0,0,1,0,0,0,0,0,2,0,0,1,0,0,2,1,0,1,0,0,0,234,102,0,6,226,94,139,25,85,66,58,4,133,61,33,26,209,60,17,34,2,0,4
14/12/2018,1003204,Al-Baten,9623,Al-Ittihad,1316,Home,1,90,11,3,3,1,0,0,4,3,2,0,0,0,0,0,0,1,0,0,1,2,1,1,0,2,2,1,1,1,1,0,0,0,0,0,0,3,2,2,0,0,0,0,0,0,0,1,0,0,0,0,0,3,0,0,1,0,0,1,0,0,0,1,0,0,272,95,1,6,267,90,145,34,115,55,68,12,150,40,42,34,230,56,37,34,1,4,2
20/09/2018,1003124,Al-Baten,9623,Al-Hilal,1317,Away,1,90,11,2,2,1,0,0,2,6,2,0,0,0,0,0,0,0,1,0,1,1,2,1,0,1,4,1,0,0,1,0,0,0,0,0,1,2,5,2,0,0,0,0,0,0,0,0,0,1,0,0,0,0,0,2,0,0,0,3,0,0,1,2,0,0,164,69,1,8,160,64,76,20,77,41,25,4,89,22,39,33,139,35,21,29,0,1,0
08/12/2018,1003196,Al-Ahli,6770,Al-Raed,6773,Away,1,90,11,2,2,0,0,0,3,8,3,0,0,0,0,0,0,0,1,1,0,2,4,0,0,1,4,3,0,0,1,0,0,0,0,1,0,3,7,2,0,0,0,0,0,0,0,0,0,0,0,0,0,3,0,0,0,0,0,4,2,1,1,0,0,0,469,103,0,7,465,78,177,12,283,65,61,5,266,29,133,43,417,56,48,22,0,0,2
02/02/2019,1003135,Al-Ahli,6770,Al-Baten,9623,Away,1,90,11,2,2,2,1,1,5,7,1,0,0,0,0,0,0,1,0,0,2,3,5,0,0,2,2,1,0,0,1,0,2,2,3,0,0,3,3,1,0,0,0,0,0,0,0,2,0,0,0,0,0,2,0,0,1,0,0,3,0,0,0,1,0,0,444,104,1,10,438,82,217,17,217,65,90,5,227,27,117,50,390,59,48,23,1,3,4
20/02/2019,1003264,Al-Ahli,6770,Al-Fateh,6772,Away,1,90,11,3,3,1,0,0,8,4,1,0,0,0,0,0,0,0,0,1,1,7,3,0,0,1,1,1,1,4,2,0,0,0,0,0,0,4,2,1,0,0,0,0,1,1,0,0,1,0,0,0,0,7,1,0,0,0,0,3,0,0,0,1,0,0,374,101,1,8,358,86,187,24,168,62,69,7,221,32,65,46,326,54,32,32,0,3,8
14/09/2018,1003118,Al-Ahli,6770,Ohod,9624,Away,1,90,11,3,3,2,1,1,6,4,0,1,1,0,0,0,0,0,0,0,2,6,4,0,0,0,0,0,0,1,2,0,0,1,0,0,2,4,2,0,0,0,0,0,1,1,0,0,1,0,0,0,1,2,2,1,0,0,1,2,1,0,0,1,0,1,278,77,0,7,267,68,112,13,147,47,52,4,142,19,65,37,239,46,28,22,2,2,8
21/09/2018,1003126,Al-Ahli,6770,Al-Hazm,6846,Home,1,90,11,3,3,2,1,1,6,6,3,0,0,0,0,0,0,1,0,1,2,2,5,1,0,4,1,2,1,1,2,0,0,0,3,1,1,5,1,2,0,0,0,0,0,0,0,2,0,0,0,0,0,5,0,0,1,0,0,4,1,0,0,1,0,0,417,97,1,7,407,87,218,15,189,67,90,7,236,28,81,47,387,59,20,28,2,5,7
03/11/2018,1003167,Al-Ahli,6770,Al-Nassr,6780,Away,1,90,11,3,3,2,1,1,5,6,2,1,1,0,0,0,0,0,0,0,2,4,6,1,0,1,0,1,0,0,3,0,1,2,1,1,1,3,2,1,0,0,0,0,0,0,0,1,0,0,0,0,1,3,0,0,0,0,1,2,1,0,0,2,0,1,286,93,1,9,278,82,137,20,138,59,56,8,155,29,64,42,249,40,29,42,5,2,5
30/11/2018,1003189,Al-Ahli,6770,Al-Feiha,10483,Home,1,90,11,3,3,1,1,0,5,11,4,0,0,0,0,0,0,1,0,0,1,4,9,0,0,1,2,4,0,1,5,0,1,1,2,1,0,3,4,3,0,0,0,0,0,0,0,1,0,0,0,0,0,4,0,0,1,0,0,9,2,0,0,0,0,0,419,77,1,14,411,70,161,15,243,54,79,4,219,20,106,45,378,47,33,23,0,0,6
08/03/2019,1003280,Al-Ahli,6770,Al-Quadisiya,6775,Away,1,90,11,3,3,2,0,1,5,5,0,0,0,0,0,0,0,0,0,0,2,5,0,0,0,0,5,0,2,2,0,0,0,0,0,0,0,3,5,0,0,0,0,0,0,0,0,1,1,0,0,0,0,3,2,0,0,0,0,5,0,0,0,0,0,1,387,113,2,5,376,94,172,17,199,76,64,2,221,47,86,43,346,61,30,33,4,1,5
29/09/2018,1003246,Al-Ahli,6770,Al-Baten,9623,Home,1,90,11,3,3,2,1,1,5,5,3,0,0,0,0,0,0,0,0,0,0,3,2,0,2,2,3,3,0,1,1,0,0,2,1,0,2,2,3,3,0,0,0,0,0,0,0,2,0,0,0,0,0,5,0,0,0,0,0,5,0,0,0,0,0,0,626,80,0,9,617,72,322,15,291,57,125,2,370,29,118,41,577,47,40,25,1,0,5
12/02/2019,1003263,Al-Ahli,6770,Al-Nassr,6780,Home,1,90,11,3,3,1,0,0,4,9,4,1,1,0,0,0,0,0,0,0,1,4,6,2,0,0,3,2,0,1,3,0,0,2,3,3,1,1,3,1,0,0,0,0,0,0,0,0,0,0,0,0,1,2,1,0,0,0,1,7,1,0,0,1,0,0,331,84,0,13,322,69,170,19,147,48,81,5,174,28,62,33,279,43,43,26,2,3,7
28/12/2018,1003222,Al-Ahli,6770,Al-Wahda,6847,Away,1,90,11,3,3,1,0,0,6,3,3,1,1,0,0,0,0,0,0,2,1,4,1,0,0,2,2,3,0,1,0,0,0,1,1,0,1,4,2,3,0,0,0,0,0,0,0,0,0,0,0,0,1,4,0,0,0,1,1,2,0,0,0,1,0,0,463,95,0,7,456,81,208,17,245,64,76,4,280,28,97,49,422,63,34,18,2,3,3
28/01/2019,1003234,Al-Ahli,6770,Al-Taawon,6778,Away,1,90,11,3,3,4,1,1,7,8,4,2,2,0,0,0,0,0,1,1,4,7,5,3,0,0,3,1,1,1,2,0,0,1,1,1,3,5,5,3,0,0,0,0,0,0,0,2,0,0,0,0,2,5,0,0,0,0,2,5,2,0,1,0,0,0,320,103,2,9,306,91,178,31,126,58,101,7,146,55,57,27,282,58,24,33,2,4,6
09/11/2018,1003173,Al-Ahli,6770,Al-Quadisiya,6775,Home,1,90,11,3,3,0,0,0,1,9,6,0,0,0,0,0,0,0,0,0,0,0,5,2,0,1,4,4,0,0,1,0,0,0,3,2,0,1,5,4,0,0,0,0,0,0,0,0,0,0,0,0,0,1,0,0,0,0,0,9,0,0,0,0,0,0,482,103,0,14,474,79,171,15,296,64,71,2,257,34,139,43,451,60,23,19,1,0,3
25/10/2018,1003159,Al-Ahli,6770,Al-Fateh,6772,Home,1,90,11,3,3,5,1,1,12,7,1,0,0,0,0,0,0,0,0,0,4,9,4,1,1,3,3,0,0,2,1,0,4,6,3,0,1,4,3,1,0,0,0,0,0,0,0,5,0,0,0,0,0,12,0,0,0,0,0,6,1,0,0,0,0,1,489,71,5,10,479,61,260,16,214,41,94,6,293,19,87,32,446,41,33,20,1,0,7
01/09/2018,1003111,Al-Ahli,6770,Al-Taawon,6778,Home,1,90,11,3,3,1,0,0,8,10,2,0,0,0,0,0,0,1,0,1,1,5,7,1,0,3,3,1,0,2,6,0,0,0,1,1,1,6,3,1,0,0,0,0,0,0,0,1,0,0,0,0,0,6,0,0,1,1,0,9,1,0,0,0,0,0,498,104,0,13,480,68,180,6,297,62,64,2,281,17,132,49,432,54,48,14,0,3,11
21/12/2018,1003215,Al-Ahli,6770,Al-Hilal,1317,Away,1,90,11,3,3,3,1,0,4,3,2,1,1,0,0,0,0,0,0,0,3,4,2,1,0,0,1,1,1,1,1,1,1,1,2,0,1,2,0,1,0,0,0,0,0,0,0,1,1,0,0,0,1,2,1,0,0,0,1,2,0,1,0,0,0,0,233,97,2,3,225,86,130,18,91,63,52,6,142,38,27,37,211,52,14,34,0,3,4
15/12/2018,1003207,Al-Ahli,6770,Al-Shabab,6774,Home,1,90,11,3,3,0,0,0,5,4,3,0,0,0,0,0,0,0,0,0,0,3,2,1,0,2,2,2,0,1,1,0,0,2,1,1,0,2,2,2,0,0,0,0,1,1,0,0,0,0,0,0,0,4,0,0,0,1,0,3,0,0,0,1,0,0,347,92,0,10,340,78,142,24,193,51,62,11,188,29,85,35,317,49,23,29,1,1,3
20/10/2018,1003151,Al-Ahli,6770,Al-Ittifaq,5680,Away,1,90,11,3,3,2,0,0,3,8,4,0,0,0,0,0,0,0,1,0,2,3,4,2,0,0,4,2,1,1,3,0,0,0,1,2,1,2,4,2,0,0,0,0,0,0,0,1,0,1,0,0,0,2,0,1,0,0,0,5,1,0,1,1,0,1,308,94,0,9,301,79,137,18,161,57,60,2,170,27,68,46,277,48,24,31,0,2,5
05/10/2018,1003142,Al-Ahli,6770,Al-Faisaly,6777,Home,1,90,11,3,3,2,1,1,4,9,3,0,0,0,0,0,0,0,0,0,1,2,6,0,1,2,3,3,1,1,3,0,0,1,2,2,1,2,4,1,0,0,0,0,0,0,0,2,0,0,0,0,0,3,0,1,0,0,0,7,2,0,0,0,0,0,557,73,2,13,547,68,274,10,270,57,99,3,323,24,122,40,523,52,24,16,1,1,5
01/03/2019,1003279,Al-Ahli,6770,Al-Ittihad,1316,Home,1,90,11,3,3,1,0,0,1,8,2,0,0,0,0,0,0,0,0,0,1,1,8,1,0,0,0,1,0,0,3,1,0,0,4,1,1,1,1,0,0,0,0,0,0,0,0,1,0,0,0,0,0,1,0,0,0,0,0,5,1,2,0,0,0,1,354,127,1,9,343,107,165,21,172,85,68,6,186,48,83,52,304,76,39,31,3,7,5
25/11/2018,1003183,Al-Ahli,6770,Al-Ittihad,1316,Away,1,90,11,3,3,3,0,1,8,2,1,0,0,0,0,0,0,0,0,1,3,5,0,0,0,3,2,1,1,1,0,0,2,3,1,0,0,4,1,1,0,0,0,0,0,0,0,2,0,0,0,1,0,7,0,0,0,1,0,2,0,0,0,0,0,1,375,91,3,6,370,86,211,27,151,57,101,7,211,42,50,35,342,55,28,31,0,0,1
11/01/2019,1003230,Al-Ahli,6770,Ohod,9624,Home,1,90,11,3,3,5,1,1,7,5,0,0,0,0,0,0,0,0,2,0,5,7,3,0,0,0,2,0,0,1,1,0,0,0,1,0,5,6,3,0,0,0,0,0,0,0,0,5,0,0,0,0,0,5,1,0,0,0,0,2,1,0,2,0,0,0,415,89,5,5,402,82,230,11,168,65,103,2,233,30,62,44,372,56,30,26,1,6,4
07/02/2019,1003252,Al-Ahli,6770,Al-Hazm,6846,Away,1,90,11,3,3,4,1,1,6,7,3,0,0,0,0,0,0,1,0,1,4,5,4,1,0,1,3,2,0,1,1,0,3,4,1,0,0,1,5,3,0,0,0,0,0,0,0,2,0,0,0,1,0,2,1,0,1,1,0,6,0,0,0,0,0,0,371,79,2,9,363,71,218,17,141,52,102,5,208,37,49,26,337,51,26,20,0,1,4
21/12/2018,1003211,Al-Baten,9623,Al-Shabab,6774,Away,1,90,11,3,3,0,0,0,4,1,3,0,0,0,0,0,0,0,1,0,0,3,0,1,0,1,1,2,0,0,0,0,0,1,0,1,0,3,1,2,0,0,0,0,0,0,0,0,0,0,0,0,0,4,0,0,0,0,0,0,0,0,1,0,0,0,321,102,0,6,316,95,166,32,144,61,76,10,182,53,52,27,293,64,23,31,1,2,0
02/03/2019,1003275,Al-Baten,9623,Al-Wahda,6847,Home,1,90,11,2,2,1,1,0,6,1,3,0,0,0,0,0,0,1,0,0,1,4,1,3,0,2,0,0,0,3,0,0,0,0,0,1,1,3,1,2,0,0,0,0,1,1,0,0,1,0,0,0,0,2,3,0,1,0,0,0,0,0,0,1,0,0,198,98,1,4,189,86,80,24,104,62,35,2,87,46,62,35,158,53,31,33,5,1,4
22/11/2018,1003178,Al-Baten,9623,Al-Wahda,6847,Away,1,90,11,3,3,0,0,0,3,9,6,0,0,0,0,0,0,0,1,1,0,2,3,4,0,1,6,2,0,1,2,2,0,1,1,1,0,1,6,3,0,0,0,0,0,0,0,0,0,0,0,0,0,2,1,0,0,0,0,8,0,0,1,0,0,0,419,88,0,11,410,71,200,12,205,58,90,2,229,27,86,41,384,51,26,20,1,0,6
06/12/2018,1003193,Al-Baten,9623,Al-Feiha,10483,Home,1,90,11,2,2,1,1,1,3,5,2,0,0,0,0,0,0,1,1,1,1,2,3,0,0,1,2,2,0,0,1,0,0,0,2,0,1,3,2,2,0,0,0,0,0,0,0,1,0,0,0,0,0,2,0,0,1,0,0,2,1,0,1,1,0,0,190,91,1,5,181,85,98,22,79,58,52,7,91,37,34,33,158,42,23,43,0,0,2
01/11/2018,1003161,Al-Baten,9623,Al-Hazm,6846,Home,1,90,11,3,3,1,1,1,11,4,3,0,0,0,0,0,0,0,0,0,0,9,3,3,1,2,1,0,0,4,1,0,0,0,1,2,1,7,2,1,0,0,0,0,2,2,0,1,0,0,0,0,0,4,2,0,0,5,0,2,1,0,0,1,0,0,209,96,0,10,201,85,84,15,110,66,49,2,75,34,70,45,167,52,34,33,0,1,6
27/12/2018,1003216,Al-Baten,9623,Al-Quadisiya,6775,Home,1,90,11,3,3,2,1,1,4,2,0,1,1,0,0,0,0,0,0,0,2,3,0,0,0,1,2,0,0,0,0,0,0,0,0,0,2,4,2,0,0,0,0,0,0,0,0,1,0,0,0,0,1,3,0,0,0,0,1,1,0,0,0,0,0,0,164,91,1,4,157,89,90,24,63,61,49,5,82,42,22,37,128,42,29,47,0,1,0
13/02/2019,1003262,Al-Baten,9623,Al-Hazm,6846,Away,1,90,11,3,3,0,0,0,2,4,4,0,0,0,0,0,0,0,1,2,0,1,2,0,0,1,2,4,0,1,1,0,0,0,1,0,0,1,1,4,0,0,1,0,0,0,0,0,0,0,0,0,0,1,0,0,0,1,0,1,1,0,1,1,0,0,239,134,0,6,233,122,101,29,125,92,36,7,119,43,71,68,205,74,28,48,1,6,5
13/09/2018,1003228,Al-Baten,9623,Al-Ittifaq,5680,Away,1,90,11,3,3,2,0,0,7,4,1,0,0,0,0,0,0,2,0,0,2,5,3,0,0,2,1,1,0,0,2,0,1,2,0,0,1,5,2,1,0,0,0,0,0,0,0,2,0,0,0,0,0,5,0,0,2,0,0,2,1,0,0,1,0,1,240,88,2,6,229,70,111,14,113,56,42,2,127,31,55,35,204,46,25,24,2,4,5
29/09/2018,1003246,Al-Baten,9623,Al-Ahli,6770,Away,1,90,11,3,3,0,0,0,4,4,0,0,0,0,0,0,0,0,0,0,0,2,2,0,0,2,2,0,0,0,0,0,0,0,2,0,0,4,2,0,0,0,0,0,1,1,0,0,0,0,0,0,0,4,0,0,0,0,0,3,0,0,0,1,0,0,267,79,0,5,259,72,97,14,158,57,43,2,136,25,76,43,241,44,18,28,0,2,3
19/10/2018,1003147,Al-Baten,9623,Al-Nassr,6780,Home,1,90,11,3,3,0,0,0,2,3,0,0,0,0,0,0,0,0,0,0,0,2,0,0,0,0,3,0,0,1,0,0,0,0,0,0,0,1,3,0,0,0,0,0,0,0,0,0,0,0,0,0,0,1,0,0,0,1,0,3,0,0,0,0,0,0,195,105,0,5,187,98,93,29,89,67,50,10,83,38,49,44,160,55,27,43,0,1,2
28/01/2019,1003236,Al-Baten,9623,Al-Faisaly,6777,Home,1,90,11,3,3,2,1,1,4,3,3,1,1,0,0,0,0,0,0,0,1,2,2,2,1,2,1,1,0,0,2,1,0,1,1,0,2,3,0,2,0,0,0,0,0,0,0,0,0,0,0,1,1,1,0,0,0,1,1,1,0,0,0,2,0,1,207,89,0,7,202,79,107,22,92,55,55,9,101,38,43,29,178,40,24,39,2,5,2
09/03/2019,1003283,Al-Baten,9623,Al-Fateh,6772,Away,1,90,11,3,3,2,1,1,5,2,1,0,0,0,0,0,0,1,0,0,2,4,1,0,0,1,1,1,0,0,1,0,0,0,1,0,2,5,0,1,0,0,0,0,0,0,0,2,0,0,0,0,0,4,0,0,1,0,0,2,0,0,0,0,0,0,187,106,1,5,181,101,83,28,91,68,28,7,107,42,39,42,148,59,33,42,2,2,4
01/12/2018,1003290,Al-Baten,9623,Al-Raed,6773,Home,1,90,11,3,3,1,0,0,4,6,2,0,0,0,0,0,0,0,2,0,0,2,3,1,1,2,3,1,0,1,3,0,1,2,0,1,0,1,3,1,0,0,0,0,1,1,0,1,0,0,0,0,0,2,0,0,0,2,0,3,0,0,2,1,0,0,289,96,1,8,280,86,128,27,147,55,50,4,151,35,74,39,249,56,31,30,4,3,3
11/01/2019,1003113,Al-Baten,9623,Al-Ittifaq,5680,Home,1,90,11,3,3,0,0,0,4,6,3,0,0,0,0,0,0,0,2,0,0,2,2,2,0,2,4,1,0,2,1,0,0,0,1,0,0,2,4,3,0,0,0,0,0,0,0,0,0,0,0,0,0,1,2,0,0,0,0,3,1,0,2,0,0,0,202,122,0,11,192,110,86,28,102,79,41,6,88,53,59,46,170,65,22,45,1,4,5
26/10/2018,1003156,Al-Baten,9623,Al-Taawon,6778,Home,1,90,11,3,3,0,0,0,1,3,0,0,0,0,0,0,0,0,0,0,0,1,0,0,0,0,3,0,0,0,0,0,0,0,0,0,0,1,3,0,0,0,0,0,0,0,0,0,0,0,0,0,0,0,0,1,0,0,0,3,0,0,0,0,0,0,193,109,0,2,189,91,86,14,101,76,45,4,88,27,54,57,163,55,26,36,0,4,1
02/02/2019,1003135,Al-Baten,9623,Al-Ahli,6770,Home,1,90,11,3,3,1,0,0,5,4,8,1,0,1,0,1,0,0,0,0,1,4,2,6,0,1,2,2,0,0,0,1,1,3,1,1,0,2,3,6,0,0,0,0,1,1,0,1,0,0,0,0,0,3,0,0,0,1,1,4,0,0,0,0,0,0,251,79,1,13,248,72,111,14,130,55,39,4,149,27,53,35,223,39,25,33,0,0,3
13/12/2018,1003201,Al-Faisaly,6777,Al-Fateh,6772,Away,1,90,11,3,3,1,0,0,4,6,5,0,0,0,0,0,0,0,0,1,1,4,4,3,0,0,2,2,1,2,2,0,0,0,1,0,0,2,3,5,0,0,0,0,0,0,0,0,0,0,0,1,0,2,1,0,0,1,0,3,0,0,0,3,0,0,335,99,1,9,323,87,162,21,151,62,71,1,181,42,61,39,290,56,33,31,0,1,6
10/01/2019,1003224,Al-Faisaly,6777,Al-Nassr,6780,Home,1,90,11,2,2,2,0,0,7,6,3,1,1,0,0,0,1,2,0,0,1,3,4,1,1,4,2,2,0,1,2,1,0,0,0,1,2,6,4,1,0,0,0,0,0,0,0,0,0,0,1,0,1,4,0,0,2,0,1,5,1,0,0,0,0,0,337,89,0,10,326,78,159,22,161,54,65,3,176,36,79,35,289,57,37,21,1,0,7
01/11/2018,1003163,Al-Faisaly,6777,Al-Ittifaq,5680,Home,1,90,11,3,3,5,1,1,8,9,0,0,0,0,0,0,1,1,0,0,4,6,5,0,1,2,4,0,1,1,0,0,1,1,3,0,3,6,6,0,0,0,0,0,0,0,0,3,1,0,1,0,0,5,1,1,1,0,0,5,2,0,0,2,0,0,205,103,4,8,196,90,70,32,122,53,28,9,103,41,61,32,169,53,27,37,0,1,4
06/12/2018,1003194,Al-Faisaly,6777,Al-Ittihad,1316,Away,1,90,11,3,3,2,1,1,5,5,2,0,0,0,0,0,0,0,0,0,2,3,3,1,0,2,2,1,1,1,1,0,1,3,0,0,0,1,4,2,0,0,0,0,0,0,0,0,2,0,0,0,0,2,2,0,0,0,0,3,1,1,0,0,0,0,244,74,2,6,239,72,130,21,99,48,60,9,128,27,41,31,212,36,27,36,4,1,3
01/03/2019,1003273,Al-Faisaly,6777,Al-Hilal,1317,Away,1,90,11,3,3,1,0,0,1,3,2,0,0,0,0,0,0,0,0,0,1,1,2,1,0,0,1,1,1,1,2,0,0,0,0,0,0,0,1,2,0,0,0,0,0,0,0,0,0,0,0,1,0,0,0,0,0,1,0,2,0,0,0,1,0,0,290,93,1,3,288,91,168,27,108,63,88,12,151,38,37,40,265,53,23,38,0,1,1
27/12/2018,1003217,Al-Faisaly,6777,Al-Feiha,10483,Home,1,90,11,1,1,1,1,1,2,5,7,0,0,0,0,0,0,0,0,0,0,0,2,4,1,2,3,3,0,0,1,0,0,0,1,1,1,2,3,6,0,0,0,0,0,0,0,1,0,0,0,0,0,2,0,0,0,0,0,3,1,0,0,1,0,0,410,95,1,11,398,83,158,16,233,67,47,3,254,30,90,50,379,63,19,20,1,2,4
31/08/2018,1003110,Al-Faisaly,6777,Al-Baten,9623,Home,1,90,11,3,3,2,1,0,7,4,5,0,0,0,0,0,0,1,0,0,2,5,2,3,0,2,2,2,0,0,1,0,1,3,2,2,1,4,1,3,0,0,0,0,0,0,0,2,0,0,0,0,0,5,0,0,1,0,0,4,0,0,0,0,0,0,470,83,2,10,463,70,219,12,240,56,88,3,276,27,95,38,427,45,36,25,1,3,6
27/09/2018,1003132,Al-Faisaly,6777,Al-Hazm,6846,Away,1,90,11,3,3,1,1,0,3,1,2,0,0,0,0,0,0,0,0,0,1,3,1,2,0,0,0,0,0,0,0,0,1,3,1,1,0,0,0,1,0,0,0,0,0,0,0,1,0,0,0,0,0,2,1,0,0,0,0,1,0,0,0,0,0,0,337,105,0,4,326,99,169,23,152,70,65,12,209,35,47,45,303,69,23,30,1,3,3
14/03/2019,1003289,Al-Faisaly,6777,Al-Quadisiya,6775,Home,1,90,11,3,3,3,1,1,5,7,1,0,0,0,0,0,0,0,0,0,2,4,5,1,1,1,2,0,0,0,1,0,2,2,2,1,1,3,4,0,0,0,0,0,0,0,0,3,0,0,0,0,0,4,0,0,0,0,0,3,3,0,0,1,0,1,275,83,1,9,265,73,130,18,131,54,69,7,120,27,72,38,238,47,27,26,2,0,4
23/02/2019,1003154,Al-Faisaly,6777,Al-Raed,6773,Away,1,90,11,3,3,3,1,1,8,2,3,0,0,0,0,0,0,0,0,1,3,7,1,2,0,1,1,1,0,0,0,0,0,1,2,0,3,7,0,3,0,0,0,0,1,1,0,3,0,0,0,0,0,7,0,0,0,0,0,1,0,0,0,1,0,0,296,76,3,7,286,68,138,24,137,41,58,8,159,26,58,27,252,51,34,17,1,2,3
07/02/2019,1003253,Al-Faisaly,6777,Ohod,9624,Away,1,90,11,3,3,1,0,0,1,7,2,1,0,0,1,1,0,0,0,0,1,1,6,1,0,0,1,1,1,1,2,0,0,0,0,1,0,0,5,1,0,0,0,0,0,0,0,0,1,0,0,0,0,0,1,0,0,0,0,4,1,0,0,1,1,0,324,90,1,5,315,74,181,11,129,63,80,4,157,22,73,48,290,43,25,31,0,1,4
07/03/2019,1003281,Al-Faisaly,6777,Al-Shabab,6774,Away,1,90,11,2,2,1,0,0,2,11,6,1,1,0,0,0,0,0,0,0,1,2,9,3,0,0,2,3,0,0,6,1,0,0,1,3,1,2,4,2,0,0,0,0,0,0,0,0,0,0,0,0,1,1,0,0,0,0,1,4,6,0,0,1,0,0,322,89,0,16,312,77,124,16,182,59,56,5,159,36,91,34,284,51,28,26,1,2,7
03/02/2019,1003242,Al-Faisaly,6777,Al-Hazm,6846,Home,1,90,11,1,1,1,1,0,2,9,3,0,0,0,0,0,0,0,1,0,1,2,5,2,0,0,4,1,0,0,3,0,0,0,2,1,1,2,4,2,0,0,0,0,0,0,0,1,0,0,0,0,0,2,0,0,0,0,0,5,2,0,1,1,0,0,399,85,1,11,387,80,165,12,217,68,64,2,216,31,102,46,351,52,36,28,0,1,6
30/11/2018,1003188,Al-Faisaly,6777,Al-Quadisiya,6775,Away,1,90,11,2,2,1,0,0,6,4,5,1,1,0,0,0,0,0,1,0,1,6,2,2,0,0,2,3,0,0,2,1,0,1,1,1,1,5,1,3,0,0,0,0,0,0,0,0,0,0,0,0,1,3,2,0,0,0,1,1,1,0,1,1,0,0,282,102,0,11,271,86,123,18,145,67,57,6,137,34,74,45,255,51,16,35,0,3,5
13/02/2019,1003260,Al-Faisaly,6777,Al-Ittifaq,5680,Away,1,90,11,2,2,4,0,1,8,5,2,1,1,0,0,0,2,2,0,1,2,4,4,0,2,4,1,2,0,0,0,0,0,2,0,0,4,6,5,2,0,0,0,0,0,0,0,1,0,0,2,0,1,4,0,0,2,0,1,2,2,0,0,1,0,1,310,103,1,8,301,86,139,23,159,63,63,8,168,36,67,40,273,51,28,35,1,3,4
20/12/2018,1003210,Al-Faisaly,6777,Al-Wahda,6847,Home,1,90,11,3,3,3,1,1,5,3,0,0,0,0,0,0,0,0,0,0,2,3,1,0,1,2,2,0,1,2,0,0,1,2,0,0,1,1,3,0,0,0,0,0,0,0,0,2,1,0,0,0,0,3,2,0,0,0,0,3,0,0,0,0,0,0,375,77,3,5,369,67,208,20,154,46,82,9,208,25,72,30,334,38,35,29,1,0,2
21/09/2018,1003125,Al-Faisaly,6777,Ohod,9624,Home,1,90,11,3,3,2,1,1,4,5,7,1,0,1,0,1,0,0,0,0,2,4,4,5,0,0,1,2,0,0,2,1,1,2,3,3,1,2,0,3,0,0,0,0,0,0,0,2,0,0,0,0,0,2,0,0,0,0,1,5,0,0,0,0,0,0,425,90,1,11,414,80,213,19,192,58,104,6,205,34,96,36,377,55,37,25,2,2,4
05/10/2018,1003142,Al-Faisaly,6777,Al-Ahli,6770,Away,1,90,11,3,3,0,0,0,5,2,3,0,0,0,0,0,0,0,0,0,0,4,1,1,0,1,1,2,0,1,1,0,0,2,1,0,0,2,0,3,0,0,0,0,0,0,0,0,0,0,0,0,0,4,1,0,0,0,0,2,0,0,0,0,0,0,351,73,0,11,346,66,194,18,143,47,74,7,198,28,65,29,319,45,27,21,1,0,2
14/09/2018,1003115,Al-Faisaly,6777,Al-Nassr,6780,Away,1,90,11,3,3,1,0,0,4,1,0,0,0,0,0,0,0,0,0,0,1,2,0,0,0,2,1,0,1,1,0,0,0,2,0,0,0,1,1,0,0,0,0,0,0,0,0,0,0,1,0,0,0,3,0,1,0,0,0,1,0,0,0,0,0,0,238,80,1,4,230,64,120,15,105,48,57,5,110,28,58,30,196,41,34,23,1,1,4
19/10/2018,1003148,Al-Faisaly,6777,Al-Taawon,6778,Home,1,90,11,3,3,1,0,0,4,5,1,0,0,0,0,0,0,1,2,0,1,3,1,1,0,1,4,0,0,0,0,0,0,1,1,1,1,3,4,0,0,0,0,0,0,0,0,1,0,0,0,0,0,3,0,0,1,0,0,3,0,0,2,0,0,0,383,87,0,5,377,79,224,23,144,55,108,4,184,29,76,41,351,47,26,32,0,2,1
24/11/2018,1003179,Al-Faisaly,6777,Al-Hilal,1317,Home,1,90,11,3,3,1,0,0,3,4,4,0,0,0,0,0,0,0,0,1,1,2,3,2,0,1,1,2,0,0,0,0,0,2,3,2,1,1,1,2,0,0,0,0,0,0,0,1,0,0,0,0,0,3,0,0,0,0,0,4,0,0,0,0,0,1,203,89,1,9,200,82,102,20,93,56,49,6,97,35,49,33,168,42,32,40,0,0,1
08/11/2018,1003169,Al-Faisaly,6777,Al-Shabab,6774,Home,1,90,11,1,1,0,0,0,3,5,1,0,0,0,0,0,0,0,1,0,0,2,1,0,0,1,4,1,0,2,0,0,0,0,4,0,0,1,1,1,0,0,0,0,0,0,0,0,0,0,0,0,0,1,0,0,0,2,0,4,0,0,1,0,0,0,428,91,0,8,420,71,165,14,248,57,55,6,278,25,80,40,397,47,23,24,0,1,4
28/01/2019,1003236,Al-Faisaly,6777,Al-Baten,9623,Away,1,90,11,3,3,0,0,0,6,6,5,0,0,0,0,0,0,1,0,0,0,2,2,5,0,4,4,0,0,1,0,1,0,1,2,2,0,4,4,2,0,0,0,0,1,1,0,0,0,0,0,0,0,3,2,0,1,0,0,4,1,0,0,1,0,0,356,99,0,10,345,80,176,13,165,67,57,2,205,32,79,45,312,53,33,27,1,2,3
24/10/2018,1003265,Al-Faisaly,6777,Al-Raed,6773,Home,1,90,11,3,3,2,1,1,4,6,2,0,0,0,0,0,0,0,0,0,2,3,3,2,0,1,3,0,1,1,2,0,0,1,1,2,1,2,3,0,0,0,0,0,1,1,0,2,0,0,0,0,0,3,0,0,0,0,0,5,0,0,0,1,0,0,375,83,1,9,366,70,180,21,179,48,80,5,202,32,77,30,337,45,29,25,2,1,4
31/08/2018,1003107,Al-Fateh,6772,Al-Quadisiya,6775,Away,1,90,11,3,3,0,0,0,7,3,3,0,0,0,0,0,0,0,0,0,0,1,1,1,0,6,2,2,0,0,1,0,0,1,1,1,0,6,1,2,0,0,0,0,0,0,0,0,0,0,0,0,0,7,0,0,0,0,0,3,0,0,0,0,0,0,332,75,0,11,323,64,150,17,168,41,83,7,140,22,95,29,291,28,32,36,0,1,3
13/09/2018,1003112,Al-Fateh,6772,Al-Wahda,6847,Home,1,90,11,3,3,0,0,0,6,6,3,0,0,0,0,0,0,1,0,0,0,4,5,0,0,2,1,3,0,1,2,0,0,0,1,0,0,5,3,3,0,0,0,0,0,0,0,0,0,0,0,0,0,4,1,0,1,0,0,4,1,0,0,1,0,0,241,72,0,10,232,63,83,17,144,39,41,3,91,22,95,31,209,35,23,28,2,0,4
20/02/2019,1003264,Al-Fateh,6772,Al-Ahli,6770,Home,1,90,11,3,3,2,1,1,6,2,4,0,0,0,0,0,0,0,0,0,2,6,1,2,0,0,1,2,0,1,1,0,0,2,0,2,2,3,1,2,0,0,0,0,0,0,0,1,1,0,0,0,0,4,1,0,0,1,0,1,1,0,0,0,0,0,266,114,2,6,262,83,99,18,160,60,39,9,130,20,90,49,234,50,28,33,3,3,2
22/11/2018,1003176,Al-Fateh,6772,Ohod,9624,Home,1,90,11,3,3,4,1,1,4,3,2,2,2,0,0,0,1,1,0,0,2,2,2,1,2,2,1,1,0,0,0,0,1,1,0,1,3,3,3,1,0,0,0,0,0,0,0,1,0,0,1,0,2,1,0,0,1,0,2,2,0,0,0,1,0,0,292,85,1,4,287,77,181,19,103,54,71,4,168,29,45,40,261,44,26,33,2,2,1
10/01/2019,1003226,Al-Fateh,6772,Al-Wahda,6847,Away,1,90,11,3,3,0,0,0,1,3,3,0,0,0,0,0,0,0,0,0,0,0,0,2,0,1,3,1,0,0,0,1,0,0,2,0,0,1,1,2,0,0,0,0,0,0,0,0,0,0,0,0,0,1,0,0,0,0,0,1,2,0,0,0,0,0,260,91,0,4,253,76,148,13,102,54,64,4,142,33,44,30,232,48,21,28,2,0,2
13/12/2018,1003201,Al-Fateh,6772,Al-Faisaly,6777,Home,1,90,11,3,3,1,1,0,2,9,2,1,1,0,0,0,0,1,0,1,1,1,6,1,0,1,3,1,0,0,1,0,0,0,0,1,1,2,8,1,0,0,0,0,0,0,0,0,0,0,0,0,1,0,0,0,1,0,1,9,0,0,0,0,0,0,307,105,0,7,301,83,148,22,150,58,80,8,128,28,90,44,273,44,28,39,0,1,5
09/03/2019,1003283,Al-Fateh,6772,Al-Baten,9623,Home,1,90,11,3,3,0,0,0,4,6,1,0,0,0,0,0,0,0,0,0,0,3,2,1,0,1,4,0,0,3,0,0,0,1,2,0,0,0,4,1,0,0,0,0,0,0,0,0,0,0,0,0,0,3,0,0,0,1,0,4,2,0,0,0,0,0,387,134,0,10,377,108,154,21,222,85,54,2,212,40,110,64,347,62,30,46,1,3,6
19/10/2018,1003149,Al-Fateh,6772,Al-Raed,6773,Away,1,90,11,3,3,3,1,1,5,6,3,0,0,0,0,0,0,0,0,0,1,2,4,0,2,3,2,3,0,0,2,0,0,1,2,2,3,4,2,1,0,0,0,0,0,0,0,3,0,0,0,0,0,3,0,0,0,0,0,6,0,0,0,0,0,2,284,91,3,9,270,82,139,27,128,53,69,10,133,39,65,31,235,49,35,33,1,3,5
08/12/2018,1003197,Al-Fateh,6772,Al-Hazm,6846,Home,1,90,11,3,3,3,1,1,3,3,0,1,1,0,0,0,0,0,0,0,3,2,1,0,0,1,2,0,0,0,0,0,0,0,1,0,2,3,2,0,0,0,0,0,0,0,0,0,1,0,0,0,1,1,1,0,0,0,1,3,0,0,0,0,0,1,268,115,0,3,261,109,145,27,114,79,77,10,135,37,47,59,224,62,37,47,4,8,2
14/02/2019,1003258,Al-Fateh,6772,Al-Feiha,10483,Away,1,90,11,3,3,2,0,1,5,4,4,0,0,0,0,0,0,1,1,0,1,3,2,3,1,2,2,1,0,0,1,0,0,0,0,1,2,5,3,3,0,0,0,0,0,0,0,2,0,0,0,0,0,4,0,0,1,0,0,2,1,0,1,0,0,1,209,114,0,6,203,106,87,23,114,76,34,6,106,30,61,61,169,58,34,48,3,1,3
09/02/2019,1003248,Al-Fateh,6772,Al-Shabab,6774,Home,1,90,11,3,3,1,1,1,6,7,0,0,0,0,0,0,0,0,1,0,1,5,6,0,0,1,1,0,1,3,2,0,0,1,0,0,0,2,5,0,0,0,0,0,0,0,0,1,0,0,0,0,0,6,0,0,0,0,0,3,1,0,1,2,0,0,231,124,0,8,223,110,88,21,131,83,38,3,110,32,71,69,205,69,18,41,1,2,3
28/12/2018,1003323,Al-Fateh,6772,Al-Nassr,6780,Home,1,90,11,3,3,0,0,0,2,8,2,1,0,0,1,1,0,0,1,1,0,1,3,1,0,1,5,1,0,0,1,0,0,0,1,2,0,2,6,0,0,0,0,0,0,0,0,0,0,0,0,0,0,2,0,0,0,0,0,5,1,0,1,0,1,0,224,88,0,8,218,73,79,16,136,54,37,7,94,21,84,42,202,46,16,27,3,5,3
08/11/2018,1003168,Al-Fateh,6772,Al-Baten,9623,Away,1,90,11,3,3,2,1,0,7,4,5,0,0,0,0,0,0,1,0,0,2,6,3,2,0,1,1,3,0,0,1,0,1,3,2,1,1,4,1,4,0,0,0,0,0,0,0,1,0,1,0,0,0,5,0,1,1,0,0,3,1,0,0,0,0,0,348,116,0,10,339,102,187,27,148,71,90,11,152,43,93,43,310,64,29,38,2,5,3
01/12/2018,1003291,Al-Fateh,6772,Al-Taawon,6778,Home,1,90,11,3,3,0,0,0,1,5,3,0,0,0,0,0,0,1,1,1,0,0,3,2,0,1,2,1,0,0,2,0,0,0,0,1,0,1,3,2,0,0,0,0,0,0,0,0,0,0,0,0,0,0,0,0,1,0,0,3,0,0,1,1,0,0,206,105,0,6,199,97,109,25,86,69,58,11,98,38,39,45,163,60,36,37,3,8,4
28/02/2019,1003277,Al-Fateh,6772,Ohod,9624,Away,1,90,11,3,3,0,0,0,1,4,3,0,0,0,0,0,0,0,0,0,0,1,2,3,0,0,2,0,0,0,0,0,0,0,3,0,0,1,1,3,0,0,0,0,0,0,0,0,0,0,0,0,0,1,0,0,0,0,0,3,1,0,0,0,0,0,209,101,0,6,202,89,91,19,108,65,53,8,90,37,56,39,178,50,24,39,1,6,2
24/09/2018,1003128,Al-Fateh,6772,Al-Hilal,1317,Home,1,90,11,3,3,2,1,0,2,4,0,2,2,0,0,0,0,0,1,0,2,2,1,0,0,0,3,0,0,0,0,0,0,0,0,0,2,2,4,0,0,0,0,0,0,0,0,0,0,0,0,0,2,0,0,0,0,0,2,2,0,0,1,1,0,0,119,68,0,4,114,64,55,18,56,36,34,7,42,18,35,29,98,24,16,40,1,1,2
20/09/2018,1003121,Al-Fateh,6772,Al-Shabab,6774,Away,1,90,11,2,2,1,0,0,6,4,2,0,0,0,0,0,0,2,0,0,1,3,3,1,0,3,1,1,0,0,0,0,1,2,2,2,0,4,2,0,0,0,0,0,0,0,0,0,1,0,0,0,0,3,1,0,2,0,0,4,0,0,0,0,0,0,266,82,1,9,259,73,118,27,140,40,49,14,137,20,72,33,230,45,29,28,0,1,2
14/03/2019,1003186,Al-Fateh,6772,Al-Taawon,6778,Away,1,90,11,3,3,1,1,0,3,3,0,0,0,0,0,0,0,0,0,0,1,3,3,0,0,0,0,0,1,1,0,0,0,0,0,0,0,2,3,0,0,0,0,0,0,0,0,1,0,0,0,0,0,3,0,0,0,0,0,3,0,0,0,0,0,0,159,117,1,5,154,109,88,37,60,65,47,13,70,46,31,41,125,61,29,48,1,4,4
21/12/2018,1003208,Al-Fateh,6772,Al-Ittifaq,5680,Home,1,90,11,3,3,0,0,0,3,4,4,0,0,0,0,0,0,0,0,0,0,1,3,2,0,2,1,2,0,1,2,0,0,0,0,3,0,2,2,1,0,0,0,0,0,0,0,0,0,0,0,0,0,2,0,0,0,1,0,3,1,0,0,0,0,0,292,90,0,7,281,81,168,20,109,57,86,6,145,35,46,36,251,50,30,31,0,1,8
27/01/2019,1003233,Al-Fateh,6772,Al-Quadisiya,6775,Home,1,90,11,3,3,2,1,1,6,7,4,1,1,0,0,0,0,0,0,0,2,5,6,2,0,1,1,2,0,0,2,1,0,1,0,0,2,5,5,3,0,0,0,0,0,0,0,1,0,0,0,0,1,5,0,0,0,0,1,6,1,0,0,0,0,0,288,90,0,13,271,78,123,19,146,55,59,4,143,35,67,35,245,42,26,36,0,1,8
04/10/2018,1003136,Al-Fateh,6772,Al-Ittihad,1316,Home,1,90,11,3,3,2,1,1,5,3,5,0,0,0,0,0,0,0,0,1,1,4,3,2,1,1,0,3,0,0,3,0,1,2,0,0,1,3,0,5,0,0,0,0,0,0,0,2,0,0,0,0,0,3,1,0,0,0,0,2,0,0,0,1,0,1,269,72,2,8,259,63,139,11,113,50,68,4,129,14,55,43,226,38,33,25,1,1,10
01/11/2018,1003160,Al-Fateh,6772,Al-Feiha,10483,Home,1,90,11,3,3,1,0,0,4,2,4,0,0,0,0,0,0,0,0,1,1,2,1,3,0,2,1,1,1,1,1,0,0,0,0,0,0,3,1,4,0,0,0,0,0,0,0,1,0,0,0,0,0,4,0,0,0,0,0,2,0,0,0,0,0,0,343,101,1,7,333,76,163,19,166,56,72,9,182,24,75,42,292,45,41,31,2,2,6
04/02/2019,1003243,Al-Fateh,6772,Al-Hilal,1317,Away,1,90,11,3,3,1,1,0,3,7,3,1,1,0,0,0,0,0,0,0,1,3,4,0,0,0,3,3,0,1,1,0,0,0,0,0,1,2,6,3,0,0,0,0,0,0,0,0,0,0,0,0,1,1,1,0,0,0,1,6,1,0,0,0,0,0,183,79,0,9,175,67,72,16,98,50,26,4,96,33,48,29,158,42,17,25,2,1,2
25/10/2018,1003159,Al-Fateh,6772,Al-Ahli,6770,Away,1,90,11,3,3,1,0,0,1,6,1,0,0,0,0,0,0,0,0,0,1,1,5,1,0,0,1,0,1,1,4,1,0,0,0,0,0,0,2,0,0,0,0,0,0,0,0,1,0,0,0,0,0,1,0,0,0,0,0,3,2,1,0,0,0,0,267,80,1,6,256,76,125,20,127,50,70,9,117,25,65,36,229,50,27,26,0,1,6
14/12/2018,1003205,Al-Feiha,10483,Al-Taawon,6778,Away,1,90,11,3,3,0,0,0,4,1,0,0,0,0,0,0,0,0,1,0,0,3,0,0,0,1,1,0,0,2,0,0,0,0,0,0,0,2,1,0,0,0,0,0,0,0,0,0,0,0,0,0,0,2,1,0,0,1,0,0,0,0,1,0,0,0,219,97,0,4,213,84,117,16,91,63,44,4,123,33,41,42,181,55,32,29,0,4,3
11/01/2019,1003229,Al-Feiha,10483,Al-Shabab,6774,Away,1,90,11,3,3,1,0,0,1,4,2,0,0,0,0,0,1,1,1,0,0,0,1,1,1,1,3,1,0,0,0,0,0,0,1,0,1,1,3,2,0,0,0,0,0,0,0,0,0,0,1,0,0,0,0,0,1,0,0,3,0,0,1,0,0,0,344,94,0,3,339,79,128,13,207,61,43,3,192,27,100,44,323,48,16,31,1,0,1
06/12/2018,1003193,Al-Feiha,10483,Al-Baten,9623,Away,1,90,11,3,3,0,0,0,5,7,3,0,0,0,0,0,0,0,1,0,0,4,4,2,0,1,3,1,0,1,4,1,0,2,0,0,0,2,3,2,0,0,0,0,0,0,0,0,0,0,0,0,0,5,0,0,0,0,0,5,0,0,1,1,0,0,404,97,0,14,396,84,158,13,232,70,65,4,214,24,111,55,357,51,39,33,0,0,8
22/11/2018,1003276,Al-Feiha,10483,Al-Hazm,6846,Home,1,90,11,3,3,1,1,0,1,8,4,1,1,0,0,0,0,0,0,1,1,1,6,0,0,0,2,4,0,0,2,0,0,0,3,1,1,1,3,3,0,0,0,0,0,0,0,0,0,0,0,0,1,0,0,0,0,0,1,6,2,0,0,0,0,0,239,103,0,10,232,94,101,17,130,69,38,8,136,26,57,52,214,54,18,40,3,5,5
23/02/2019,1003269,Al-Feiha,10483,Al-Nassr,6780,Away,1,90,11,3,3,0,0,0,3,6,1,0,0,0,0,0,0,0,0,0,0,3,4,1,0,0,2,0,0,1,1,1,0,0,2,0,0,2,3,0,0,0,0,0,0,0,0,0,0,0,0,0,0,1,2,0,0,0,0,3,2,0,0,0,0,0,250,81,0,8,238,74,138,21,97,51,64,6,120,34,51,32,214,26,24,48,1,0,4
27/12/2018,1003217,Al-Feiha,10483,Al-Faisaly,6777,Away,1,90,11,3,3,0,0,0,3,6,4,0,0,0,0,0,0,1,0,0,0,2,2,1,0,1,4,3,0,0,0,0,0,1,1,0,0,2,5,4,0,0,0,0,0,0,0,0,0,0,0,0,0,2,0,0,1,0,0,5,0,0,0,1,0,0,233,83,0,11,229,70,129,16,94,51,40,3,149,30,34,33,207,34,22,36,1,2,2
22/12/2018,1003212,Al-Feiha,10483,Ohod,9624,Home,1,90,11,3,3,3,1,1,7,5,1,1,1,0,0,0,0,0,1,0,3,4,3,1,0,3,2,0,0,0,0,0,0,1,0,1,3,6,5,0,0,0,0,0,0,0,0,2,0,0,0,0,1,5,0,0,0,0,1,4,0,0,1,0,0,0,226,111,1,9,220,101,97,29,119,68,39,7,114,45,63,41,193,60,27,41,2,5,3
21/09/2018,1003123,Al-Feiha,10483,Al-Ittifaq,5680,Away,1,90,11,3,3,0,0,0,5,6,1,0,0,0,0,0,0,1,1,1,0,3,2,0,0,2,4,1,0,0,0,0,0,0,1,0,0,5,5,1,0,0,0,0,0,0,0,0,0,0,0,0,0,4,0,0,1,0,0,5,0,0,1,0,0,0,262,87,0,7,254,74,135,13,115,56,54,5,144,29,52,35,216,41,38,33,5,1,4
04/10/2018,1003138,Al-Feiha,10483,Al-Raed,6773,Home,1,90,11,3,3,0,0,0,2,2,3,0,0,0,0,0,0,0,0,0,0,1,0,1,0,1,2,2,0,1,0,0,0,0,1,2,0,1,1,1,0,0,0,0,0,0,0,0,0,0,0,0,0,1,1,0,0,0,0,1,1,0,0,0,0,0,266,76,0,6,264,66,127,20,131,42,63,3,137,27,58,32,241,44,23,22,2,0,2
14/09/2018,1003116,Al-Feiha,10483,Al-Shabab,6774,Home,1,90,11,3,3,1,0,0,2,5,1,0,0,0,0,0,0,1,2,0,1,1,2,1,0,1,3,0,0,0,0,0,0,1,1,0,0,1,4,1,0,0,0,0,0,0,0,0,0,0,0,0,0,1,0,0,1,0,0,3,0,0,2,0,0,0,207,101,0,4,203,92,103,18,98,67,36,9,134,37,31,39,190,53,13,39,0,2,2
01/11/2018,1003160,Al-Feiha,10483,Al-Fateh,6772,Away,1,90,11,2,2,2,1,1,5,2,1,0,0,0,0,0,0,0,0,0,2,4,0,0,0,1,2,1,0,1,0,0,2,2,0,0,0,2,2,1,0,0,0,0,0,0,0,2,0,0,0,0,0,5,0,0,0,0,0,2,0,0,0,0,0,0,297,87,2,5,292,86,152,19,135,62,53,8,182,30,52,43,268,54,24,32,0,1,1
02/02/2019,1003240,Al-Feiha,10483,Al-Quadisiya,6775,Away,1,90,11,3,3,0,0,0,0,6,1,0,0,0,0,0,0,0,1,0,0,0,4,1,0,0,2,0,0,0,1,0,0,0,2,0,0,0,3,1,0,0,0,0,0,0,0,0,0,0,0,0,0,0,0,0,0,0,0,4,0,0,1,1,0,0,328,94,0,5,323,90,203,22,115,65,71,7,204,38,43,41,291,55,32,35,2,2,1
14/02/2019,1003258,Al-Feiha,10483,Al-Fateh,6772,Home,1,90,11,3,3,1,1,0,2,7,3,0,0,0,0,0,0,0,1,1,1,2,2,1,0,0,5,2,0,0,0,1,1,2,1,2,0,0,6,0,0,0,0,0,0,0,0,1,0,0,0,0,0,1,1,0,0,0,0,5,1,0,1,0,0,0,431,114,1,7,417,101,219,30,194,68,56,5,286,52,71,40,384,66,33,35,0,5,7
28/09/2018,1003133,Al-Feiha,10483,Al-Quadisiya,6775,Home,1,90,11,3,3,4,1,1,5,4,2,0,0,0,0,0,0,0,0,0,4,5,2,1,0,0,2,1,1,2,1,1,2,2,0,0,1,1,3,1,0,0,0,0,0,0,0,3,1,0,0,0,0,4,1,0,0,0,0,3,0,0,0,1,0,0,195,97,3,6,188,86,115,21,70,62,56,7,92,32,37,44,158,52,30,34,0,3,6
18/10/2018,1003146,Al-Feiha,10483,Al-Wahda,6847,Away,1,90,11,3,3,1,0,0,2,6,2,0,0,0,0,0,0,0,1,0,1,2,1,1,0,0,5,1,0,0,0,0,0,0,1,0,0,2,5,2,0,0,0,0,0,0,0,0,0,0,0,1,0,2,0,0,0,0,0,5,0,0,1,0,0,0,346,92,0,8,340,82,125,30,211,50,40,8,216,46,80,26,310,46,30,36,0,0,3
27/01/2019,1003237,Al-Feiha,10483,Al-Hilal,1317,Home,1,90,11,3,3,1,0,0,2,2,2,0,0,0,0,0,0,0,0,0,1,2,1,1,0,0,1,1,0,0,1,0,1,2,0,0,0,0,1,2,0,0,0,0,0,0,0,1,0,0,0,0,0,2,0,0,0,0,0,1,1,0,0,0,0,1,238,102,1,4,234,88,107,25,119,60,34,8,141,39,51,37,198,46,36,42,1,0,2
02/03/2019,1003177,Al-Feiha,10483,Al-Hazm,6846,Away,1,90,11,3,3,1,1,1,6,6,0,0,0,0,0,0,0,0,1,0,1,5,4,0,0,1,2,0,1,1,1,0,0,2,1,0,0,3,4,0,0,0,0,0,0,0,0,0,0,0,0,1,0,5,0,0,0,1,0,5,0,0,1,0,0,0,264,95,1,10,253,84,113,23,132,57,38,9,150,35,57,36,225,50,28,34,1,5,3
31/08/2018,1003108,Al-Feiha,10483,Al-Hilal,1317,Away,1,90,11,2,2,0,0,0,1,6,1,0,0,0,0,0,0,0,2,0,0,0,1,0,0,1,5,1,0,0,1,0,0,0,1,0,0,1,4,1,0,0,0,0,0,0,0,0,0,0,0,0,0,1,0,0,0,0,0,4,0,0,2,0,0,0,149,68,0,4,147,61,86,8,50,47,51,2,67,16,18,37,121,34,26,27,0,9,1
10/11/2018,1003172,Al-Feiha,10483,Al-Ittihad,1316,Home,1,90,11,3,3,2,1,1,5,3,2,0,0,0,0,0,0,0,0,0,1,3,1,1,1,2,2,1,1,1,0,1,0,1,1,1,1,3,2,0,0,0,0,0,0,0,0,1,1,0,0,0,0,3,1,0,0,0,0,3,0,0,0,0,0,0,203,100,2,6,199,95,113,25,79,61,48,12,101,37,43,37,170,44,29,51,1,2,4
08/03/2019,1003286,Al-Feiha,10483,Al-Ittihad,1316,Away,1,90,11,3,3,0,0,0,0,6,4,0,0,0,0,0,0,0,1,0,0,0,2,2,0,0,4,2,0,0,1,0,0,0,2,3,0,0,3,1,0,0,0,0,0,0,0,0,0,0,0,0,0,0,0,0,0,0,0,3,0,0,1,2,0,0,198,95,0,8,193,87,95,19,94,64,36,9,110,47,43,26,173,48,20,39,0,2,1
26/10/2018,1003153,Al-Feiha,10483,Al-Nassr,6780,Home,1,90,11,3,3,1,0,0,2,8,5,0,0,0,0,0,0,1,1,1,1,1,1,2,0,1,7,3,0,0,0,0,1,2,3,3,0,0,5,2,0,0,0,0,0,0,0,1,0,0,0,0,0,1,0,0,1,0,0,7,0,0,1,0,0,0,236,79,1,7,228,71,84,13,143,52,30,6,145,23,52,36,202,42,26,29,1,0,2
08/02/2019,1003249,Al-Feiha,10483,Al-Ittifaq,5680,Home,1,90,11,3,3,1,0,0,1,4,5,0,0,0,0,0,0,0,0,0,1,1,3,3,0,0,1,2,0,0,3,0,0,0,0,3,0,1,1,2,0,0,0,0,0,0,0,0,0,0,0,0,0,1,0,0,0,0,0,1,2,0,0,1,0,0,387,110,0,7,371,96,207,16,158,74,92,5,199,34,74,51,349,54,22,42,1,2,5
30/11/2018,1003189,Al-Feiha,10483,Al-Ahli,6770,Away,1,90,11,3,3,1,0,0,6,3,4,0,0,0,0,0,0,0,0,0,0,2,1,1,1,4,2,3,0,0,0,0,0,1,1,3,1,5,2,1,0,0,0,0,0,0,0,1,0,0,0,0,0,6,0,0,0,0,0,3,0,0,0,0,0,1,299,79,1,9,294,66,99,15,190,46,40,4,166,24,83,33,259,39,35,27,0,2,2
01/11/2018,1003161,Al-Hazm,6846,Al-Baten,9623,Away,1,90,11,3,3,0,0,0,3,6,6,0,0,0,0,0,0,1,0,2,0,2,3,2,0,1,3,4,0,1,1,1,0,2,0,2,0,0,5,3,0,0,0,0,0,0,0,0,0,0,0,0,0,2,0,0,1,0,0,6,0,0,0,0,0,0,267,103,0,9,254,87,108,25,143,60,37,7,131,34,83,43,217,63,37,24,0,1,8
30/08/2018,1003238,Al-Hazm,6846,Al-Wahda,6847,Home,1,90,11,3,3,0,0,0,5,6,1,0,0,0,0,0,0,0,0,0,0,2,4,1,0,3,2,0,0,0,1,0,0,2,3,1,0,3,2,0,0,0,0,0,0,0,0,0,0,0,0,0,0,5,0,0,0,0,0,4,1,0,0,1,0,0,280,100,0,8,272,79,120,23,147,49,53,4,136,36,78,31,246,46,26,33,0,2,5
18/10/2018,1003145,Al-Hazm,6846,Al-Quadisiya,6775,Home,1,90,11,3,3,2,1,1,9,9,1,0,0,0,0,0,0,1,0,0,2,6,4,1,0,3,5,0,1,1,1,0,0,3,2,0,1,5,6,1,0,0,0,0,0,0,0,1,0,0,0,1,0,5,0,0,1,2,0,7,0,1,0,1,0,0,169,106,1,11,161,100,79,35,79,59,25,8,90,53,43,31,144,52,17,48,1,3,5
02/12/2018,1003294,Al-Hazm,6846,Al-Ittihad,1316,Away,1,90,11,3,3,2,1,0,5,3,2,0,0,0,0,0,0,0,0,0,2,4,0,0,0,1,3,2,0,2,0,0,1,1,2,0,1,2,1,2,0,0,0,0,0,0,0,2,0,0,0,0,0,5,0,0,0,0,0,3,0,0,0,0,0,0,175,89,1,5,168,81,72,22,93,54,31,12,81,35,53,29,143,40,25,41,4,4,4
16/03/2019,1003185,Al-Hazm,6846,Al-Ittihad,1316,Home,1,90,11,3,3,0,0,0,2,3,6,0,0,0,0,0,0,0,0,0,0,1,1,3,0,1,2,3,0,0,0,0,0,1,0,1,0,1,3,5,0,0,0,0,0,0,0,0,0,0,0,0,0,1,0,0,0,1,0,1,1,0,0,1,0,0,231,87,0,7,221,73,117,26,101,46,61,3,96,38,61,31,195,48,26,25,2,1,3
02/03/2019,1003177,Al-Hazm,6846,Al-Feiha,10483,Home,1,90,11,3,3,0,0,0,2,4,5,0,0,0,0,0,0,0,0,0,0,1,2,4,0,1,2,1,0,0,1,0,0,1,1,2,0,1,2,3,0,0,0,0,0,0,0,0,0,0,0,0,0,1,0,1,0,0,0,4,0,0,0,0,0,0,324,112,0,10,309,90,109,17,191,70,41,4,174,33,85,50,262,60,47,30,0,4,7
20/12/2018,1003213,Al-Hazm,6846,Al-Raed,6773,Away,1,90,11,3,3,0,0,0,5,4,2,0,0,0,0,0,0,1,1,0,0,3,0,1,0,2,4,1,0,2,0,0,0,1,2,1,0,2,2,1,0,0,0,0,0,0,0,0,0,0,0,0,0,3,0,0,1,1,0,3,0,0,1,0,0,0,206,78,0,8,191,72,87,10,97,60,44,4,92,27,48,39,166,38,25,34,3,1,6
25/10/2018,1003152,Al-Hazm,6846,Al-Ittifaq,5680,Away,1,90,11,2,2,0,0,0,2,7,3,0,0,0,0,0,0,0,0,0,0,1,5,1,0,1,2,2,0,0,3,0,0,1,1,0,0,1,3,3,0,0,0,0,0,0,0,0,0,0,0,0,0,2,0,0,0,0,0,3,3,0,0,1,0,0,211,104,0,9,199,86,80,24,114,58,36,9,86,40,72,33,176,60,23,26,3,1,5
13/02/2019,1003262,Al-Hazm,6846,Al-Baten,9623,Home,1,90,11,3,3,1,1,1,3,5,1,0,0,0,0,0,0,0,1,0,1,1,1,1,0,2,4,0,0,0,0,0,0,0,3,1,1,3,2,0,0,0,0,0,0,0,0,1,0,0,0,0,0,3,0,0,0,0,0,3,0,0,1,1,0,0,309,140,1,5,298,126,158,28,138,98,63,7,180,63,53,55,269,75,29,51,0,5,3
05/10/2018,1003137,Al-Hazm,6846,Al-Nassr,6780,Away,1,90,11,3,3,1,0,0,3,3,1,0,0,0,0,0,0,1,0,0,1,1,1,1,0,2,2,0,0,0,0,0,1,1,0,0,0,2,3,1,0,0,0,0,0,0,0,1,0,0,0,0,0,2,0,0,1,0,0,3,0,0,0,0,0,0,197,117,1,4,193,98,93,34,99,59,40,9,95,46,57,38,173,60,20,38,2,5,2
28/12/2018,1003220,Al-Hazm,6846,Al-Shabab,6774,Home,1,90,11,2,2,1,0,0,3,8,1,0,0,0,0,0,0,0,0,0,1,2,5,1,0,1,3,0,1,2,1,0,0,0,1,0,0,1,6,1,0,0,0,0,0,0,0,0,0,0,0,1,0,2,0,0,0,1,0,5,2,0,0,1,0,0,236,113,1,8,230,100,102,27,124,71,39,8,119,43,68,47,198,71,32,29,2,3,3
27/09/2018,1003132,Al-Hazm,6846,Al-Faisaly,6777,Home,1,90,11,3,3,2,0,1,6,8,4,1,1,0,0,0,0,0,0,1,2,4,8,1,0,2,0,3,0,1,2,0,0,0,3,2,1,5,3,2,0,0,0,0,0,0,0,0,0,0,0,0,1,4,1,0,0,0,1,5,1,0,0,2,0,0,288,98,0,13,275,74,134,16,139,57,59,4,137,36,77,33,247,45,28,29,1,2,9
21/02/2019,1003266,Al-Hazm,6846,Al-Ittifaq,5680,Home,1,90,11,2,2,1,1,0,2,2,3,1,1,0,0,0,0,0,0,0,1,2,1,1,0,0,1,2,0,1,0,0,0,0,1,0,1,1,1,3,0,0,0,0,0,0,0,0,0,0,0,0,1,0,0,0,0,1,1,2,0,0,0,0,0,0,198,144,0,6,193,133,89,48,99,81,33,14,100,65,55,49,167,80,26,53,2,4,3
15/12/2018,1003202,Al-Hazm,6846,Al-Hilal,1317,Away,1,90,11,3,3,2,0,1,3,2,0,1,1,0,0,0,0,0,0,0,2,2,2,0,0,1,0,0,0,0,1,0,0,0,0,0,2,3,1,0,0,0,0,0,0,0,0,1,0,0,0,0,1,2,0,0,0,0,1,1,0,0,0,1,0,0,177,79,0,2,169,69,88,28,76,34,37,8,97,31,30,22,154,37,15,32,5,3,2
07/02/2019,1003252,Al-Hazm,6846,Al-Ahli,6770,Home,1,90,11,3,3,2,0,0,7,3,5,0,0,0,0,0,0,0,0,0,2,5,0,2,0,2,3,3,1,1,0,0,0,3,1,3,1,3,2,2,0,0,0,0,0,0,0,2,0,0,0,0,0,7,0,0,0,0,0,3,0,0,0,0,0,0,324,82,1,8,315,73,157,6,151,65,56,2,188,32,64,37,279,37,36,36,0,1,3
03/02/2019,1003242,Al-Hazm,6846,Al-Faisaly,6777,Away,1,90,11,3,3,2,0,1,3,3,1,0,0,0,0,0,0,0,1,0,1,1,0,1,1,2,3,0,0,0,0,0,1,1,1,0,1,2,2,1,0,0,0,0,0,0,0,2,0,0,0,0,0,3,0,0,0,0,0,2,0,0,1,0,0,1,225,103,2,4,219,84,101,22,112,59,45,7,116,38,52,34,190,50,29,34,4,2,2
21/09/2018,1003126,Al-Hazm,6846,Al-Ahli,6770,Away,1,90,11,3,3,0,0,0,3,4,3,0,0,0,0,0,0,0,0,1,0,1,3,1,0,2,1,2,0,1,3,0,0,0,0,0,0,2,1,3,0,0,0,0,0,0,0,0,0,0,0,0,0,3,0,0,0,0,0,3,1,0,0,0,0,0,232,97,0,5,224,80,97,26,125,49,29,8,124,36,69,29,198,47,26,33,1,1,6
13/09/2018,1003114,Al-Hazm,6846,Al-Taawon,6778,Home,1,90,11,3,3,1,1,0,6,6,1,0,0,0,0,0,0,0,0,0,1,3,5,1,0,3,1,0,0,1,2,0,1,1,0,1,0,4,4,0,0,0,0,0,0,0,0,1,0,0,0,0,0,4,0,0,0,2,0,5,1,0,0,0,0,0,186,112,1,9,183,101,92,27,90,70,43,9,93,39,46,47,157,56,26,45,1,1,3
08/11/2018,1003170,Al-Hazm,6846,Ohod,9624,Away,1,90,11,3,3,3,1,0,5,8,1,0,0,0,0,0,0,0,1,0,3,5,5,1,0,0,3,0,2,2,1,0,0,0,3,0,1,3,4,1,0,0,0,0,0,0,0,3,0,0,0,0,0,5,0,0,0,0,0,5,1,0,1,1,0,0,116,74,3,9,112,64,48,14,58,47,21,4,43,24,42,31,90,28,22,36,3,5,3
22/11/2018,1003276,Al-Hazm,6846,Al-Feiha,10483,Away,1,90,11,3,3,1,0,0,6,5,3,0,0,0,0,0,0,0,0,0,1,3,4,3,0,3,1,0,0,2,2,0,1,1,1,1,0,3,2,2,0,0,0,0,0,0,0,1,0,0,0,0,0,5,0,0,0,1,0,2,2,0,0,1,0,0,353,94,1,9,342,78,175,19,155,59,70,5,186,35,74,38,311,55,31,23,1,3,4
08/12/2018,1003197,Al-Hazm,6846,Al-Fateh,6772,Away,1,90,11,3,3,2,0,0,7,3,2,0,0,0,0,0,0,0,0,0,1,4,2,1,1,3,1,1,0,1,1,0,0,1,1,1,2,5,1,1,0,0,0,0,0,0,0,2,0,0,0,0,0,6,1,0,0,0,0,3,0,0,0,0,0,0,301,130,2,8,291,105,133,25,156,77,66,6,143,35,80,60,256,65,35,40,0,4,5
10/01/2019,1003225,Al-Hazm,6846,Al-Taawon,6778,Away,1,90,11,3,3,1,0,0,3,2,2,0,0,0,0,0,0,0,1,0,1,3,0,2,0,0,2,0,0,0,0,0,0,1,1,0,1,2,1,2,0,0,0,0,0,0,0,0,0,1,0,0,0,2,0,1,0,0,0,1,0,0,1,0,0,0,158,92,0,5,147,84,71,23,72,57,33,8,76,39,34,33,127,48,20,36,4,7,3
28/01/2019,1003106,Al-Hazm,6846,Al-Wahda,6847,Away,1,90,11,3,3,1,0,0,3,6,4,0,0,0,0,0,0,1,1,1,1,2,2,2,0,1,4,2,0,0,1,0,1,2,0,1,0,1,4,3,0,0,1,0,0,0,0,0,1,0,0,0,0,1,1,0,1,0,0,2,3,0,1,0,0,1,295,93,1,6,282,80,132,19,144,60,57,5,164,34,55,40,252,58,30,22,1,3,4
09/03/2019,1003282,Al-Hazm,6846,Ohod,9624,Home,1,90,11,2,2,2,1,0,11,5,2,0,0,0,0,0,0,1,0,0,1,6,2,1,1,5,3,1,0,0,0,0,1,3,1,1,1,8,4,1,0,0,0,0,0,0,0,1,1,0,0,0,0,6,2,1,1,0,0,3,1,0,0,0,0,1,200,109,2,10,193,100,94,31,97,68,34,9,108,48,49,40,168,63,25,37,1,3,5
08/02/2019,1003251,Al-Hilal,1317,Al-Baten,9623,Away,1,90,11,3,3,3,1,1,4,7,5,0,0,0,0,0,0,0,0,1,3,4,4,2,0,0,3,3,0,0,0,2,2,2,0,1,1,2,7,2,0,0,0,0,0,0,0,3,0,0,0,0,0,4,0,0,0,0,0,4,2,0,0,0,0,0,626,113,1,9,618,89,229,22,383,67,61,5,371,36,180,48,580,65,38,24,0,2,5
01/03/2019,1003273,Al-Hilal,1317,Al-Faisaly,6777,Home,1,90,11,3,3,2,1,1,7,11,4,0,0,0,0,0,0,1,1,0,2,5,6,1,0,2,5,3,0,1,3,0,1,2,0,1,1,4,8,3,0,0,0,0,0,0,0,2,0,0,0,0,0,5,0,0,1,1,0,4,5,0,1,0,0,0,464,101,1,14,458,82,184,13,272,66,72,3,226,32,158,44,426,45,32,37,0,2,2
06/11/2018,1003139,Al-Hilal,1317,Al-Ittifaq,5680,Home,1,90,11,3,3,4,1,1,7,8,1,0,0,0,0,0,0,0,1,0,4,6,5,1,0,1,3,0,1,1,1,0,1,1,2,0,2,5,5,1,0,0,0,0,0,0,0,4,0,0,0,0,0,6,1,0,0,0,0,6,0,0,1,0,0,0,312,95,3,8,303,85,165,19,137,61,71,6,161,38,70,35,288,61,15,24,0,2,5
15/09/2018,1003117,Al-Hilal,1317,Al-Raed,6773,Away,1,90,11,3,3,3,1,1,8,9,1,1,1,0,0,0,0,0,0,0,3,6,6,1,0,2,3,0,0,1,3,0,1,2,1,0,2,5,5,1,0,0,0,0,0,0,0,2,0,0,0,0,1,6,1,0,0,0,1,8,0,1,0,0,0,0,439,86,2,13,428,68,217,20,204,47,87,2,232,40,102,25,388,55,40,13,1,5,5
25/10/2018,1003158,Al-Hilal,1317,Al-Ittihad,1316,Home,1,90,11,2,2,3,1,1,5,4,8,2,2,0,0,0,0,1,0,0,3,3,3,5,0,2,1,3,0,0,2,0,0,0,0,2,3,5,2,6,0,0,0,0,0,0,0,1,0,0,0,0,2,2,0,0,1,0,2,3,1,0,0,0,0,0,513,86,1,9,504,64,224,10,279,54,113,3,259,25,131,36,462,49,42,15,0,1,5
24/11/2018,1003179,Al-Hilal,1317,Al-Faisaly,6777,Away,1,90,11,3,3,1,1,0,5,5,3,1,1,0,0,0,0,0,0,0,1,4,5,2,0,1,0,1,0,0,2,0,1,2,1,0,0,3,2,3,0,0,0,0,0,0,0,0,0,0,0,0,1,2,1,0,0,1,1,4,0,0,0,1,0,0,449,103,0,8,441,75,160,14,274,61,72,1,218,35,144,39,411,61,30,14,1,3,5
04/02/2019,1003243,Al-Hilal,1317,Al-Fateh,6772,Home,1,90,11,3,3,4,0,1,7,6,5,1,1,0,0,0,0,1,0,1,3,4,5,2,1,3,1,3,0,1,1,2,2,3,2,1,2,3,3,2,0,0,0,0,1,1,0,3,0,0,0,0,1,4,0,0,1,0,1,4,2,0,0,0,0,0,594,92,3,8,585,73,256,13,323,59,75,2,367,38,137,32,554,54,31,19,0,0,3
30/12/2018,1003218,Al-Hilal,1317,Al-Taawon,6778,Away,1,90,11,2,2,2,1,0,6,6,3,0,0,0,0,0,0,0,0,0,2,4,5,3,0,2,1,0,2,4,3,3,0,0,1,0,0,2,2,0,0,0,0,0,0,0,0,0,2,0,0,0,0,3,3,0,0,0,0,2,4,0,0,0,0,0,335,96,1,13,317,77,166,17,147,58,67,4,178,31,68,40,288,44,29,33,3,1,12
11/11/2018,1003287,Al-Hilal,1317,Al-Wahda,6847,Away,1,90,11,3,3,3,1,1,5,8,0,0,0,0,0,0,0,0,0,0,3,5,3,0,0,0,5,0,0,0,0,0,1,1,0,0,2,4,8,0,0,0,0,0,0,0,0,3,0,0,0,0,0,5,0,0,0,0,0,7,1,0,0,0,0,0,502,85,2,7,495,66,217,19,273,47,98,4,255,27,137,34,458,53,37,13,1,1,2
11/01/2019,1003227,Al-Hilal,1317,Al-Raed,6773,Home,1,90,11,3,3,1,1,0,8,11,5,0,0,0,0,0,0,1,0,0,1,5,9,2,0,3,2,3,0,2,4,0,1,1,1,2,0,4,5,3,0,1,1,0,0,0,0,1,0,0,0,0,0,6,1,0,1,0,0,8,2,0,0,1,0,1,453,115,1,18,432,84,162,11,266,73,51,0,237,30,140,54,386,77,46,7,3,2,17
12/02/2019,1003261,Al-Hilal,1317,Al-Quadisiya,6775,Home,1,90,11,3,3,4,1,1,6,3,2,0,0,0,0,0,0,0,0,0,4,4,0,2,0,2,3,0,1,1,0,0,1,2,3,1,2,3,0,1,0,0,0,0,0,0,0,3,1,0,0,0,0,5,1,0,0,0,0,3,0,0,0,0,0,1,420,107,4,5,413,99,244,30,163,68,126,11,204,49,77,38,386,76,27,23,0,2,4
12/12/2018,1003187,Al-Hilal,1317,Ohod,9624,Away,1,90,11,3,3,1,1,1,8,10,2,1,1,0,0,0,0,1,0,0,1,4,4,1,0,4,6,1,0,1,0,0,0,1,3,1,1,6,7,1,0,0,0,0,0,0,0,0,0,0,0,0,1,6,0,0,1,0,1,7,3,0,0,0,0,0,469,103,0,13,461,89,205,14,250,73,99,2,248,35,108,50,437,70,24,19,1,1,4
15/12/2018,1003202,Al-Hilal,1317,Al-Hazm,6846,Home,1,90,11,2,2,1,1,0,11,6,5,0,0,0,0,0,0,0,0,0,1,7,4,5,0,4,2,0,0,3,2,0,1,2,3,0,0,6,1,5,0,0,0,0,0,0,0,1,0,0,0,0,0,8,2,0,0,1,0,4,0,0,0,2,0,0,489,89,1,14,473,72,194,13,275,59,70,8,249,22,150,42,445,62,28,10,2,4,11
27/01/2019,1003237,Al-Hilal,1317,Al-Feiha,10483,Away,1,90,11,3,3,5,1,1,9,7,0,0,0,0,0,0,0,0,0,0,5,9,5,0,0,0,2,0,0,1,2,0,1,1,1,0,4,7,4,0,0,0,0,0,0,0,0,5,0,0,0,0,0,8,0,0,0,0,0,5,2,0,0,0,0,1,612,85,4,10,597,68,287,15,307,53,87,5,382,20,125,43,565,48,32,20,1,1,8
24/09/2018,1003128,Al-Hilal,1317,Al-Fateh,6772,Away,1,90,11,2,2,3,0,1,7,9,6,1,0,0,1,1,0,0,1,0,3,7,6,4,0,0,3,2,0,1,2,0,1,2,4,4,2,4,3,2,0,0,0,0,0,0,0,3,0,0,0,0,0,5,2,0,0,0,0,6,1,0,1,0,1,1,486,97,1,13,481,81,165,18,311,61,60,7,230,25,186,47,449,71,32,10,1,0,4
20/09/2018,1003124,Al-Hilal,1317,Al-Baten,9623,Home,1,90,11,3,3,3,1,1,6,6,0,1,1,0,0,0,0,1,0,0,3,5,3,0,0,1,3,0,0,1,2,0,1,1,1,0,2,4,3,0,0,0,0,0,0,0,0,1,1,0,0,0,1,3,1,0,1,0,1,6,0,0,0,0,0,0,639,72,1,7,624,52,285,11,332,41,100,4,347,13,170,35,601,43,23,9,0,0,8
31/08/2018,1003108,Al-Hilal,1317,Al-Feiha,10483,Home,1,90,11,3,3,1,1,1,2,9,4,1,1,0,0,0,0,0,0,0,1,2,2,2,0,0,7,2,0,0,1,1,0,0,2,1,1,2,6,2,0,0,0,0,0,0,0,0,0,0,0,0,1,1,0,0,0,0,1,9,0,0,0,0,0,0,549,95,0,12,538,74,193,12,341,61,77,2,308,21,149,50,505,64,33,10,0,0,6
08/12/2018,1003199,Al-Hilal,1317,Al-Nassr,6780,Home,1,90,11,1,1,2,1,0,8,2,1,0,0,0,0,0,0,0,0,0,2,7,2,0,0,1,0,1,1,2,0,0,0,1,0,0,1,5,2,1,0,0,0,0,0,0,0,2,0,0,0,0,0,5,1,0,0,0,0,2,0,0,0,0,0,0,193,88,2,8,189,74,79,22,105,50,40,12,96,33,48,27,168,44,21,30,0,2,2
08/03/2019,1003175,Al-Hilal,1317,Al-Wahda,6847,Home,1,90,11,3,3,1,1,0,5,4,5,0,0,0,0,0,0,0,1,0,1,2,3,2,0,3,1,3,0,1,0,1,0,1,1,1,1,3,3,3,0,0,0,0,0,0,0,0,1,0,0,0,0,3,2,0,0,0,0,1,1,0,1,1,0,0,438,115,1,11,426,99,215,28,206,69,92,5,226,41,103,51,401,73,25,26,1,3,4
21/12/2018,1003215,Al-Hilal,1317,Al-Ahli,6770,Home,1,90,11,2,2,4,0,1,5,7,1,2,2,0,0,0,0,0,1,0,4,5,5,0,0,0,2,1,0,0,1,0,1,1,1,0,3,4,5,1,0,0,0,0,0,0,0,2,0,0,0,0,2,2,0,0,0,0,2,3,2,0,1,1,0,0,337,93,2,6,332,82,155,24,171,57,63,7,184,37,79,37,307,58,25,24,1,1,3
20/10/2018,1003144,Al-Hilal,1317,Al-Shabab,6774,Away,1,90,11,3,3,1,1,1,6,5,1,0,0,0,0,0,0,0,0,1,1,5,3,0,0,1,2,1,0,0,3,0,0,1,0,0,1,5,2,1,0,0,0,0,0,0,0,1,0,0,0,0,0,6,0,0,0,0,0,3,2,0,0,0,0,0,579,78,1,8,563,62,204,9,353,53,83,4,296,17,178,41,536,53,27,9,2,1,8
21/02/2019,1003271,Al-Hilal,1317,Al-Ittihad,1316,Away,1,90,11,3,3,2,1,1,6,11,2,0,0,0,0,0,0,0,0,0,2,4,6,2,0,2,5,0,0,0,1,0,1,2,3,1,1,4,7,1,0,0,0,0,0,0,0,1,1,0,0,0,0,4,2,0,0,0,0,8,1,0,0,2,0,0,396,89,1,13,391,77,144,21,245,47,51,5,213,34,125,29,365,52,26,25,0,1,3
02/11/2018,1003165,Al-Hilal,1317,Al-Quadisiya,6775,Away,1,90,11,3,3,2,1,1,6,9,5,1,1,0,0,0,0,1,0,0,1,1,5,1,1,5,4,4,0,0,3,1,0,2,1,1,2,4,5,3,0,0,0,0,0,0,0,1,0,0,0,0,1,4,0,0,1,0,1,7,1,0,0,1,0,0,537,90,1,14,529,69,211,11,310,58,83,6,289,19,149,44,508,57,21,12,0,0,3
29/11/2018,1003288,Al-Ittifaq,5680,Al-Shabab,6774,Away,1,90,11,3,3,2,1,0,5,4,1,0,0,0,0,0,0,0,0,0,2,3,3,0,0,2,1,1,0,1,2,0,1,2,0,0,1,2,2,1,0,0,0,0,0,0,0,1,1,0,0,0,0,3,2,0,0,0,0,1,3,0,0,0,0,0,197,84,2,7,188,78,94,29,86,47,47,9,92,38,41,28,161,53,27,25,1,2,4
21/02/2019,1003266,Al-Ittifaq,5680,Al-Hazm,6846,Away,1,90,11,1,1,1,0,0,3,5,5,1,1,0,0,0,0,0,0,0,1,2,2,1,0,1,3,4,0,0,2,0,1,3,1,4,0,0,2,1,0,0,0,0,0,0,0,0,0,0,0,0,1,2,0,0,0,0,1,4,1,0,0,0,0,0,346,134,0,8,339,125,161,29,176,94,70,9,193,48,74,66,308,71,31,54,1,2,5
29/01/2019,1003232,Al-Ittifaq,5680,Al-Raed,6773,Away,1,90,11,3,3,2,1,1,5,3,2,0,0,0,0,0,0,0,0,0,2,3,2,0,0,2,1,2,0,0,2,0,2,5,1,2,0,0,0,0,0,0,0,0,0,0,0,1,0,0,0,1,0,4,0,0,0,1,0,1,1,0,0,1,0,0,329,96,1,8,316,80,170,23,143,55,68,7,161,38,84,31,290,49,26,31,0,1,4
13/02/2019,1003260,Al-Ittifaq,5680,Al-Faisaly,6777,Home,1,90,11,3,3,3,1,0,5,4,2,0,0,0,0,0,0,0,0,0,3,4,2,1,0,1,2,1,0,0,0,0,1,1,1,2,2,4,3,0,0,0,0,0,0,0,0,3,0,0,0,0,0,5,0,0,0,0,0,3,1,0,0,0,0,0,314,120,2,5,308,109,145,32,158,73,68,8,162,57,73,40,274,60,34,49,3,6,1
11/11/2018,1003174,Al-Ittifaq,5680,Al-Nassr,6780,Home,1,90,11,3,3,1,0,0,5,3,2,0,0,0,0,0,0,0,1,0,1,3,0,0,0,2,3,2,1,1,0,0,0,2,1,1,0,2,2,1,0,0,0,0,0,0,0,0,1,0,0,0,0,4,1,0,0,0,0,1,1,0,1,0,0,0,252,103,1,5,246,90,121,22,121,64,54,7,135,38,53,41,228,60,18,30,1,2,4
08/03/2019,1003284,Al-Ittifaq,5680,Al-Nassr,6780,Away,1,90,11,2,2,2,1,0,4,4,0,0,0,0,0,0,0,0,0,0,2,2,3,0,0,2,1,0,1,1,0,0,0,1,2,0,1,2,2,0,0,0,0,0,0,0,0,0,2,0,0,0,0,2,2,0,0,0,0,3,0,0,0,1,0,0,157,97,2,4,150,90,71,22,74,60,39,4,74,41,32,37,138,44,12,46,1,3,5
06/11/2018,1003139,Al-Ittifaq,5680,Al-Hilal,1317,Away,1,90,11,3,3,1,0,0,5,7,2,0,0,0,0,0,0,0,3,0,0,3,4,1,1,2,3,1,0,1,2,1,1,4,4,1,0,0,1,0,0,0,0,0,0,0,0,1,0,0,0,0,0,4,1,0,0,0,0,2,0,0,3,2,0,0,178,86,1,10,171,76,77,26,88,47,34,7,79,33,52,32,152,46,19,30,1,2,4
24/11/2018,1003272,Al-Ittifaq,5680,Al-Taawon,6778,Home,1,90,11,3,3,2,1,0,5,4,1,0,0,0,0,0,0,0,0,0,1,3,3,1,1,2,1,0,1,1,2,0,1,3,2,1,0,1,0,0,0,0,0,0,0,0,0,2,0,0,0,0,0,5,0,0,0,0,0,3,0,0,0,1,0,0,249,116,1,5,247,109,142,39,98,66,72,10,121,49,47,45,210,59,37,50,2,2,1
03/02/2019,1003245,Al-Ittifaq,5680,Ohod,9624,Away,1,90,11,3,3,1,0,0,4,7,7,0,0,0,0,0,0,0,0,0,1,4,4,2,0,0,3,5,0,2,1,0,1,2,3,5,0,0,3,2,0,0,0,0,0,0,0,0,1,0,0,0,0,3,1,0,0,0,0,4,2,0,0,1,0,0,453,114,1,15,440,97,184,21,250,74,77,10,232,27,125,57,417,73,23,24,2,1,8
30/08/2018,1003104,Al-Ittifaq,5680,Al-Raed,6773,Home,1,90,11,3,3,1,1,0,5,3,5,0,0,0,0,0,0,0,0,1,1,3,2,2,0,2,1,3,0,0,1,0,1,3,2,3,0,2,0,2,0,0,0,0,0,0,0,1,0,0,0,0,0,5,0,0,0,0,0,2,0,0,0,1,0,0,298,62,1,9,292,54,144,11,144,42,77,3,127,13,84,36,263,30,29,24,0,2,1
21/12/2018,1003208,Al-Ittifaq,5680,Al-Fateh,6772,Away,1,90,11,3,3,0,0,0,3,4,3,0,0,0,0,0,0,1,1,0,0,1,2,1,0,2,2,2,0,0,1,0,0,2,2,1,0,1,1,2,0,0,0,0,0,0,0,0,0,0,0,0,0,2,0,0,1,0,0,2,0,0,1,1,0,0,374,93,0,7,363,85,181,15,177,68,72,6,201,34,85,42,330,61,33,24,1,7,3
13/09/2018,1003228,Al-Ittifaq,5680,Al-Baten,9623,Home,1,90,11,3,3,3,1,1,5,5,6,0,0,0,0,0,0,0,0,0,2,4,2,3,1,1,3,3,0,0,1,0,1,2,1,3,2,3,3,3,0,0,0,0,0,0,0,3,0,0,0,0,0,5,0,0,0,0,0,4,1,0,0,0,0,1,280,71,1,10,275,61,167,10,105,49,85,3,126,22,61,34,241,37,34,24,0,0,1
28/02/2019,1003180,Al-Ittifaq,5680,Al-Taawon,6778,Away,1,90,11,3,3,1,0,0,6,9,0,0,0,0,0,0,0,0,0,0,1,3,5,0,0,3,4,0,0,1,2,0,1,5,6,0,0,0,1,0,0,0,0,0,0,0,0,1,0,0,0,0,0,5,0,0,0,1,0,6,2,0,0,1,0,1,292,99,1,11,279,91,189,36,86,52,86,7,148,42,41,39,242,46,37,45,0,2,4
06/12/2018,1003192,Al-Ittifaq,5680,Al-Quadisiya,6775,Away,1,90,11,3,3,0,0,0,5,3,5,0,0,0,0,0,0,0,0,0,0,4,3,4,0,1,0,1,0,2,2,1,0,1,1,1,0,2,0,3,0,0,0,0,0,0,0,0,0,0,0,0,0,3,2,0,0,0,0,1,1,0,0,1,0,0,262,99,0,10,255,81,124,14,128,65,57,3,136,31,59,44,223,51,32,30,1,2,6
25/10/2018,1003152,Al-Ittifaq,5680,Al-Hazm,6846,Home,1,90,11,3,3,1,1,1,6,5,3,0,0,0,0,0,0,0,0,0,1,5,4,1,0,1,1,2,0,0,0,0,1,3,2,1,0,3,3,2,0,0,0,0,0,0,0,1,0,0,0,0,0,6,0,0,0,0,0,5,0,0,0,0,0,0,296,99,1,6,292,85,132,16,153,67,68,6,136,25,81,52,247,59,45,26,0,1,2
13/12/2018,1003200,Al-Ittifaq,5680,Al-Wahda,6847,Home,1,90,11,3,3,2,0,1,6,7,2,0,0,0,0,0,0,0,0,0,2,5,5,0,0,1,2,2,0,0,2,0,2,6,3,2,0,0,2,0,0,0,0,0,0,0,0,1,1,0,0,0,0,4,1,0,0,0,0,5,1,0,0,1,0,0,363,84,2,10,358,79,170,16,178,60,69,5,199,29,80,42,326,53,32,26,2,2,3
15/09/2018,1003119,Al-Ittihad,1316,Al-Quadisiya,6775,Home,1,90,11,3,3,0,0,0,5,8,8,0,0,0,0,0,0,0,0,1,0,4,3,1,0,1,5,7,0,3,2,0,0,2,4,2,0,0,2,6,0,0,0,0,0,0,0,0,0,0,0,0,0,1,3,0,0,1,0,7,1,0,0,0,0,0,452,92,0,16,438,58,143,3,291,55,45,0,266,22,123,36,398,45,40,13,0,1,9
10/11/2018,1003172,Al-Ittihad,1316,Al-Feiha,10483,Away,1,90,11,3,3,1,0,0,6,7,4,0,0,0,0,0,0,0,0,0,1,6,3,2,0,0,4,2,1,4,1,0,0,0,2,1,0,2,4,3,0,0,0,0,0,0,0,1,0,0,0,0,0,4,2,0,0,0,0,6,1,0,0,0,0,0,479,115,1,13,467,89,213,18,250,71,78,3,262,33,123,53,418,59,49,30,0,2,9
25/10/2018,1003158,Al-Ittihad,1316,Al-Hilal,1317,Away,1,90,11,3,3,1,0,0,2,1,2,0,0,0,0,0,0,0,0,1,1,2,0,1,0,0,1,1,0,0,0,0,1,1,0,2,0,1,1,0,0,0,0,0,1,1,0,1,0,0,0,0,0,2,0,0,0,0,0,1,0,0,0,0,0,0,175,82,0,3,174,76,87,21,82,54,42,4,90,34,37,37,150,38,24,38,1,1,0
29/01/2019,1003239,Al-Ittihad,1316,Al-Shabab,6774,Home,1,90,11,3,3,0,0,0,1,6,3,0,0,0,0,0,0,0,0,0,0,1,4,0,0,0,2,3,0,1,2,0,0,0,1,0,0,0,3,3,0,0,0,0,0,0,0,0,0,0,0,0,0,0,1,0,0,0,0,4,2,0,0,0,0,0,445,86,0,7,436,70,211,13,220,57,78,3,274,32,79,35,406,48,30,22,0,3,3
27/09/2018,1003131,Al-Ittifaq,5680,Ohod,9624,Home,1,90,11,3,3,0,0,0,1,4,1,0,0,0,0,0,0,0,0,0,0,1,1,1,0,0,3,0,0,0,1,0,0,0,2,1,0,1,1,0,0,0,0,0,0,0,0,0,0,0,0,0,0,1,0,0,0,0,0,3,1,0,0,0,0,0,294,91,0,4,286,78,176,24,105,49,81,4,152,38,48,31,260,42,26,36,1,2,3
20/10/2018,1003151,Al-Ittifaq,5680,Al-Ahli,6770,Home,1,90,11,3,3,6,1,1,13,7,2,0,0,0,0,0,0,1,0,0,6,10,4,0,0,3,3,2,1,1,2,0,1,6,1,0,4,6,4,2,0,0,0,0,0,0,0,4,1,0,0,1,0,9,1,0,1,1,0,7,0,0,0,0,0,1,187,78,3,11,181,75,102,21,71,48,59,5,81,33,33,30,149,46,32,29,0,6,6
01/11/2018,1003163,Al-Ittifaq,5680,Al-Faisaly,6777,Away,1,90,11,2,2,1,0,0,8,6,4,0,0,0,0,0,0,0,0,0,0,3,3,1,1,5,3,3,0,1,0,0,1,5,1,1,0,2,5,3,0,0,0,0,0,0,0,1,0,0,0,0,0,8,0,0,0,0,0,6,0,0,0,0,0,0,326,116,1,15,318,98,164,23,150,72,76,3,155,43,83,48,293,60,25,38,1,0,5
08/02/2019,1003249,Al-Ittifaq,5680,Al-Feiha,10483,Away,1,90,11,2,2,1,1,0,4,8,6,0,0,0,0,0,0,0,0,1,1,3,6,2,0,1,2,4,1,2,5,0,0,1,2,2,0,1,1,4,0,0,0,0,0,0,0,1,0,0,0,0,0,3,0,0,0,1,0,6,1,0,0,1,0,0,375,84,1,11,363,75,228,15,131,58,99,4,203,30,57,38,334,47,29,28,0,3,6
29/12/2018,1003223,Al-Ittifaq,5680,Al-Ittihad,1316,Home,1,90,11,3,3,1,1,1,6,4,5,0,0,0,0,0,0,0,0,0,1,4,3,3,0,2,1,2,0,0,0,0,0,3,2,2,1,3,2,3,0,0,0,0,0,0,0,1,0,0,0,0,0,5,1,0,0,0,0,3,1,0,0,0,0,0,258,91,0,10,253,81,159,22,88,54,85,7,120,31,42,36,205,45,48,36,1,2,2
15/03/2019,1003184,Al-Ittifaq,5680,Al-Shabab,6774,Home,1,90,11,3,3,1,0,0,3,4,4,0,0,0,0,0,0,0,0,2,1,1,4,1,0,2,0,3,0,0,1,1,0,1,2,3,1,2,1,0,0,0,0,0,0,0,0,1,0,0,0,0,0,2,1,0,0,0,0,2,2,0,0,0,0,0,234,116,0,5,230,107,119,33,108,69,59,12,118,47,50,42,208,66,22,41,0,6,3
21/09/2018,1003123,Al-Ittifaq,5680,Al-Feiha,10483,Home,1,90,11,3,3,3,1,1,6,7,2,1,1,0,0,0,0,0,1,0,3,6,4,0,0,0,3,2,1,3,3,0,2,2,2,2,0,1,2,0,0,0,0,0,0,0,0,2,0,0,0,0,1,3,1,0,0,1,1,3,1,0,1,2,0,0,319,86,1,10,309,83,174,21,132,57,87,5,158,34,61,39,279,60,30,23,0,6,6
11/01/2019,1003113,Al-Ittifaq,5680,Al-Baten,9623,Away,1,90,11,2,2,0,0,0,3,7,6,0,0,0,0,0,0,0,2,1,0,2,3,3,0,1,4,3,0,1,2,2,0,1,3,3,0,0,2,1,0,1,0,0,1,1,0,0,0,0,0,0,0,1,1,0,0,1,0,3,2,0,2,0,0,0,332,133,0,12,319,119,175,34,137,85,73,7,181,59,58,52,294,82,25,37,0,2,6
16/03/2019,1003185,Al-Ittihad,1316,Al-Hazm,6846,Away,1,90,11,3,3,3,1,1,10,3,0,1,0,1,0,1,0,0,0,0,3,8,3,0,0,2,0,0,2,3,0,0,0,0,1,0,1,7,2,0,0,0,0,0,0,0,0,2,0,0,0,1,0,8,0,0,0,1,1,2,1,0,0,0,0,0,393,90,3,8,388,85,167,14,213,69,73,3,214,31,93,47,358,61,30,24,1,1,2
04/10/2018,1003136,Al-Ittihad,1316,Al-Fateh,6772,Away,1,90,11,3,3,0,0,0,1,6,4,0,0,0,0,0,0,0,0,1,0,0,2,2,0,1,4,2,0,0,0,0,0,0,3,1,0,1,3,3,0,0,0,0,0,0,0,0,0,0,0,0,0,1,0,0,0,0,0,5,1,0,0,0,0,0,355,82,0,9,346,69,178,25,165,43,67,9,193,27,83,31,320,44,26,25,2,2,3
01/11/2018,1003166,Al-Ittihad,1316,Al-Raed,6773,Home,1,90,11,3,3,1,0,0,7,11,8,0,0,0,0,0,0,0,0,1,1,4,5,1,0,3,6,7,0,0,2,1,0,0,5,4,1,7,4,3,0,0,0,0,0,0,0,1,0,0,0,0,0,7,0,0,0,0,0,9,2,0,0,0,0,0,446,94,1,21,436,72,157,18,276,54,58,3,222,22,153,47,408,57,28,15,0,0,6
04/02/2019,1003247,Al-Ittihad,1316,Al-Wahda,6847,Away,1,90,11,3,3,2,1,1,9,4,4,1,1,0,0,0,0,0,1,0,2,4,3,0,0,5,1,4,1,2,1,0,0,3,1,2,1,4,2,2,0,0,0,0,0,0,0,0,1,0,0,0,1,7,1,0,0,0,1,2,0,0,1,1,0,0,280,97,1,12,271,91,120,25,149,59,62,1,133,43,74,40,242,58,29,33,0,4,6
02/12/2018,1003294,Al-Ittihad,1316,Al-Hazm,6846,Home,1,90,11,3,3,2,0,0,11,8,8,0,0,0,0,0,0,0,1,0,1,6,6,5,1,5,2,3,0,2,4,1,0,3,1,0,2,6,3,7,0,0,0,0,0,0,0,2,0,0,0,0,0,11,0,0,0,0,0,5,2,0,1,0,0,0,492,111,2,20,475,88,165,14,304,74,50,1,282,36,137,51,451,64,24,24,1,0,8
31/08/2018,1003109,Al-Ittihad,1316,Al-Shabab,6774,Away,1,90,11,2,2,0,0,0,6,3,4,0,0,0,0,0,0,0,1,0,0,5,2,1,0,1,1,3,0,1,2,0,0,2,1,2,0,3,0,2,0,0,0,0,0,0,0,0,0,0,0,0,0,5,0,1,0,0,0,2,0,0,1,0,0,0,429,97,0,10,422,77,198,15,217,60,85,3,227,24,103,47,391,48,31,29,0,2,3
15/02/2019,1003259,Al-Ittihad,1316,Al-Raed,6773,Away,1,90,11,3,3,1,0,0,6,9,4,0,0,0,0,0,0,0,0,1,1,3,8,2,0,3,1,2,0,0,6,0,0,1,1,0,1,5,2,4,0,0,0,0,1,1,0,1,0,0,0,0,0,6,0,0,0,0,0,3,2,0,0,4,0,1,399,115,1,16,380,83,146,21,228,62,51,4,204,37,119,41,351,58,29,25,1,3,10
09/02/2019,1003255,Al-Ittihad,1316,Al-Taawon,6778,Home,1,90,11,3,3,0,0,0,4,4,0,0,0,0,0,0,0,1,1,0,0,3,2,0,0,1,2,0,0,2,1,0,0,0,3,0,0,2,0,0,0,0,0,0,0,0,0,0,0,0,0,0,0,2,0,0,1,1,0,2,1,0,1,0,0,0,229,109,0,5,222,98,113,24,102,67,49,4,110,43,56,43,193,58,29,40,2,3,3
10/01/2019,1003231,Al-Ittihad,1316,Al-Quadisiya,6775,Away,1,90,11,3,3,1,1,1,2,5,3,0,0,0,0,0,0,0,0,0,1,2,2,2,0,0,3,1,1,1,0,0,0,1,3,2,0,0,2,1,0,0,0,0,0,0,0,1,0,0,0,0,0,1,0,0,0,0,0,4,1,0,0,0,0,0,357,118,1,6,349,106,167,27,176,74,51,8,217,50,75,42,325,64,24,42,2,1,3
21/02/2019,1003271,Al-Ittihad,1316,Al-Hilal,1317,Home,1,90,11,3,3,0,0,0,3,7,4,0,0,0,0,0,0,0,1,0,0,1,4,3,0,2,3,1,0,0,1,0,0,2,0,2,0,1,6,2,0,0,0,0,0,0,0,0,0,0,0,0,0,3,0,0,0,0,0,5,1,0,1,0,0,0,219,117,0,8,215,104,100,21,108,75,43,6,113,36,52,53,188,73,27,31,1,5,2
06/12/2018,1003194,Al-Ittihad,1316,Al-Faisaly,6777,Home,1,90,11,3,3,1,0,0,5,10,6,0,0,0,0,0,0,0,0,0,1,5,7,4,0,0,3,2,0,0,6,0,0,2,2,4,1,3,2,2,0,0,0,0,0,0,0,1,0,0,0,0,0,4,1,0,0,0,0,3,5,0,0,2,0,0,384,104,1,16,364,81,155,14,205,66,69,7,168,21,123,51,341,56,23,25,1,0,13
29/12/2018,1003223,Al-Ittihad,1316,Al-Ittifaq,5680,Away,1,90,11,3,3,0,0,0,2,9,5,0,0,0,0,0,0,0,0,0,0,0,4,3,0,2,5,2,0,0,1,1,0,0,3,0,0,2,5,4,0,0,0,0,0,0,0,0,0,0,0,0,0,1,0,0,0,0,0,6,2,0,0,1,0,0,324,94,0,11,314,80,174,12,134,66,85,3,168,32,55,43,284,45,30,35,0,0,2
25/11/2018,1003183,Al-Ittihad,1316,Al-Ahli,6770,Home,1,90,11,3,3,1,1,0,6,7,3,0,0,0,0,0,0,0,0,0,1,3,3,2,0,3,4,1,0,1,1,1,0,2,1,1,1,3,5,1,0,0,0,0,0,0,0,1,0,0,0,0,0,5,0,0,0,0,0,7,0,0,0,0,0,0,333,77,1,12,327,67,136,11,186,56,48,5,188,28,86,34,290,44,37,23,2,0,1
21/12/2018,1003214,Al-Ittihad,1316,Al-Nassr,6780,Home,1,90,11,3,3,1,0,0,1,5,5,0,0,0,0,0,0,0,0,1,1,1,2,4,0,0,3,1,0,0,0,1,0,0,2,1,1,1,3,2,0,0,0,1,0,0,0,1,0,0,0,0,0,1,0,0,0,0,0,5,0,0,0,0,0,0,276,105,1,6,270,94,145,32,121,60,62,8,150,46,54,36,251,60,19,34,2,2,1
14/12/2018,1003204,Al-Ittihad,1316,Al-Baten,9623,Away,1,90,11,3,3,3,0,1,6,7,7,0,0,0,0,0,0,0,0,0,3,5,3,4,0,1,4,3,0,0,0,1,0,3,3,2,2,3,4,4,0,0,0,0,1,1,0,2,0,0,0,0,0,6,0,0,0,0,0,7,0,0,0,0,0,0,346,93,2,14,340,79,135,17,201,61,55,5,176,30,105,43,311,48,29,31,1,1,1
19/10/2018,1003150,Al-Ittihad,1316,Ohod,9624,Home,1,90,11,3,3,1,0,0,7,9,8,0,0,0,0,0,0,1,0,2,1,3,5,1,0,4,4,7,0,0,4,0,1,3,0,3,0,4,5,5,0,0,0,0,0,0,0,1,0,0,0,0,0,5,0,0,1,1,0,6,2,0,0,1,0,0,400,89,0,15,387,74,161,16,221,58,59,4,242,32,81,38,361,59,26,15,0,2,10
01/03/2019,1003279,Al-Ittihad,1316,Al-Ahli,6770,Away,1,90,11,1,1,1,1,0,5,7,3,0,0,0,0,0,0,0,0,0,1,4,3,0,0,1,4,3,1,1,1,0,0,1,4,1,0,3,2,2,0,0,0,0,1,1,0,1,0,0,0,0,0,5,0,0,0,0,0,4,3,0,0,0,0,0,331,111,0,10,320,104,175,33,141,65,74,9,196,53,46,34,306,65,14,39,0,2,4
26/09/2018,1003130,Al-Ittihad,1316,Al-Wahda,6847,Home,1,90,11,3,3,2,0,0,6,6,2,0,0,0,0,0,0,0,2,0,1,3,3,1,1,3,3,1,0,1,1,0,1,1,3,0,1,4,2,2,0,0,0,0,0,0,0,2,0,0,0,0,0,5,1,0,0,0,0,4,0,0,2,0,0,1,395,70,2,9,385,65,170,19,208,45,71,6,221,23,86,35,353,43,32,22,0,0,5
08/03/2019,1003286,Al-Ittihad,1316,Al-Feiha,10483,Home,1,90,11,3,3,2,1,1,6,8,2,1,1,0,0,0,0,0,0,0,2,3,5,0,0,3,3,2,0,0,3,0,0,1,3,1,2,5,2,1,0,0,0,0,0,0,0,1,0,0,0,0,1,5,0,0,0,0,1,5,2,0,0,1,0,0,413,89,1,9,406,73,177,11,222,59,68,3,224,18,107,49,369,55,37,18,1,1,4
20/09/2018,1003122,Al-Ittihad,1316,Al-Taawon,6778,Away,1,90,11,2,2,3,0,0,3,5,0,0,0,0,0,0,0,0,0,0,3,3,2,0,0,0,3,0,1,1,1,0,1,1,2,0,1,1,2,0,0,0,0,0,0,0,0,3,0,0,0,0,0,3,0,0,0,0,0,4,0,0,0,1,0,1,250,55,3,4,247,48,122,8,125,37,49,1,138,18,60,26,212,26,35,22,0,1,1
06/02/2019,1003254,Al-Nassr,6780,Al-Quadisiya,6775,Home,1,90,11,3,3,3,1,0,5,4,3,0,0,0,0,0,1,1,0,0,2,2,1,3,1,3,3,0,0,1,0,0,0,0,1,2,2,4,3,1,0,0,0,0,0,0,0,1,0,0,1,0,0,3,0,0,1,1,0,2,2,0,0,0,0,0,367,101,1,7,362,91,195,18,161,71,87,5,196,34,73,50,332,51,30,40,1,3,2
21/12/2018,1003214,Al-Nassr,6780,Al-Ittihad,1316,Away,1,90,11,3,3,2,1,1,6,5,2,2,2,0,0,0,0,2,0,0,2,3,3,2,0,3,2,0,0,0,2,0,0,0,1,0,2,6,2,2,0,0,0,0,0,0,0,0,0,0,0,0,2,2,0,0,2,0,2,4,1,0,0,0,0,0,376,100,0,6,369,92,207,24,156,66,92,9,195,41,76,40,337,63,32,29,1,1,5
14/12/2018,1003203,Al-Nassr,6780,Al-Raed,6773,Home,1,90,11,3,3,4,1,1,7,3,6,1,1,0,0,0,0,1,0,0,4,6,3,4,0,1,0,2,0,0,2,0,1,2,0,2,3,5,1,4,0,0,0,0,0,0,0,3,0,0,0,0,1,3,1,0,1,0,1,2,1,0,0,0,0,0,447,97,2,10,436,82,208,22,223,60,105,6,200,28,126,47,408,60,28,22,1,2,5
28/02/2019,1003278,Al-Nassr,6780,Al-Shabab,6774,Away,1,90,11,3,3,1,1,1,6,3,1,0,0,0,0,0,0,0,0,0,1,5,1,0,0,1,2,1,1,1,1,0,0,2,1,0,0,3,1,1,0,0,0,0,0,0,0,0,1,0,0,0,0,5,1,0,0,0,0,3,0,0,0,0,0,0,412,94,0,5,399,81,227,16,166,60,75,3,262,34,56,39,379,56,20,25,1,0,1
08/12/2018,1003199,Al-Nassr,6780,Al-Hilal,1317,Away,1,90,11,3,3,2,0,0,6,4,6,0,0,0,0,0,0,0,1,1,2,5,1,3,0,1,3,3,0,0,0,0,0,2,0,1,1,3,4,5,1,1,0,0,1,1,0,2,0,0,0,0,0,6,0,0,0,0,0,3,0,0,1,0,0,0,362,90,2,8,347,73,191,17,152,55,75,5,197,26,71,40,321,55,26,18,1,1,6
26/10/2018,1003153,Al-Nassr,6780,Al-Feiha,10483,Away,1,90,11,3,3,1,1,0,4,7,2,0,0,0,0,0,0,1,2,1,1,3,4,1,0,1,3,1,0,0,0,0,1,2,1,1,0,2,6,1,0,0,0,0,1,1,0,0,0,0,0,1,0,2,0,0,1,1,0,3,1,0,2,1,0,0,452,94,0,7,445,86,205,25,227,61,74,8,265,31,93,47,425,73,20,13,1,1,3
11/11/2018,1003174,Al-Nassr,6780,Al-Ittifaq,5680,Away,1,90,11,2,2,2,1,1,3,5,2,0,0,0,0,0,0,0,1,0,2,2,2,2,0,1,3,0,0,0,1,0,0,1,2,1,2,2,2,1,0,0,0,0,0,0,0,2,0,0,0,0,0,3,0,0,0,0,0,2,2,0,1,0,0,0,316,108,2,7,309,92,146,21,161,67,60,6,145,36,102,46,292,58,17,34,0,3,2
19/09/2018,1003120,Al-Nassr,6780,Al-Quadisiya,6775,Away,1,90,11,3,3,3,1,1,5,11,4,0,0,0,0,0,0,0,0,0,2,3,5,2,1,2,6,2,0,0,2,0,0,0,3,1,3,5,6,3,0,0,0,0,0,0,0,3,0,0,0,0,0,4,1,0,0,0,0,8,2,0,0,1,0,0,517,63,3,15,513,45,241,8,269,36,85,0,299,20,126,24,484,33,29,12,2,1,3
03/11/2018,1003167,Al-Nassr,6780,Al-Ahli,6770,Home,1,90,11,3,3,0,0,0,5,3,2,0,0,0,0,0,0,0,0,0,0,3,3,1,0,2,0,1,0,1,2,0,0,1,0,0,0,3,1,2,0,0,0,0,0,0,0,0,0,0,0,0,0,4,0,0,0,1,0,0,1,1,0,1,0,0,307,98,0,9,297,78,152,19,141,56,63,4,171,27,59,44,277,48,20,30,0,0,6
02/02/2019,1003244,Al-Nassr,6780,Al-Taawon,6778,Away,1,90,11,3,3,1,0,0,5,6,1,0,0,0,0,0,0,0,1,0,1,4,4,1,0,1,2,0,0,0,2,0,0,1,0,1,1,4,4,0,0,0,0,0,1,1,0,1,0,0,0,0,0,4,0,0,0,1,0,3,1,1,1,0,0,0,374,120,1,7,360,111,208,28,149,83,106,8,194,59,57,44,329,69,31,42,0,5,4
12/02/2019,1003263,Al-Nassr,6780,Al-Ahli,6770,Away,1,90,11,3,3,2,1,1,3,3,4,0,0,0,0,0,0,0,0,0,2,3,3,0,0,0,0,4,2,3,2,0,0,0,0,2,0,0,1,2,0,0,0,0,0,0,0,1,0,0,0,1,0,1,0,0,0,2,0,3,0,0,0,0,0,0,278,92,0,7,266,73,96,12,162,59,30,3,166,23,62,44,236,47,30,26,3,7,4
23/11/2018,1003182,Al-Nassr,6780,Al-Shabab,6774,Home,1,90,11,3,3,1,1,1,5,9,4,0,0,0,0,0,0,0,0,1,0,2,6,0,1,3,3,4,0,0,1,0,0,0,1,2,1,5,7,2,0,0,0,0,0,0,0,1,0,0,0,0,0,5,0,0,0,0,0,8,0,0,0,1,0,0,446,91,1,13,439,79,192,22,240,54,83,4,239,32,110,40,412,54,27,25,1,2,2
10/01/2019,1003224,Al-Nassr,6780,Al-Faisaly,6777,Away,1,90,11,3,3,2,1,0,5,7,3,0,0,0,0,0,0,0,0,0,1,2,2,1,1,3,5,2,0,0,0,0,1,1,2,1,1,4,5,2,0,0,0,0,0,0,0,1,1,0,0,0,0,4,1,0,0,0,0,6,0,0,0,0,0,0,312,88,2,7,302,71,146,14,151,51,49,4,179,36,69,24,276,45,26,26,0,0,2
02/12/2018,1003191,Al-Nassr,6780,Al-Wahda,6847,Home,1,90,11,2,2,1,1,0,4,2,2,0,0,0,0,0,0,0,0,1,0,3,2,0,1,1,0,2,0,1,0,0,0,1,0,2,1,2,2,0,0,0,0,0,1,1,0,1,0,0,0,0,0,4,0,0,0,0,0,2,0,0,0,0,0,0,540,109,1,5,526,89,292,20,229,67,143,8,260,26,118,53,495,61,31,28,0,0,7
23/02/2019,1003269,Al-Nassr,6780,Al-Feiha,10483,Home,1,90,11,3,3,1,1,1,3,5,8,1,1,0,0,0,0,0,2,0,1,2,2,4,0,1,3,4,0,0,1,0,0,1,2,1,1,2,2,7,0,0,0,0,0,0,0,0,0,0,0,0,1,2,0,0,0,0,1,3,0,0,2,0,0,0,490,92,0,12,471,79,208,8,256,71,72,5,284,13,108,61,452,55,19,24,2,1,5
24/09/2018,1003129,Al-Nassr,6780,Al-Taawon,6778,Home,1,90,11,3,3,1,1,1,3,5,3,0,0,0,0,0,0,0,1,0,1,1,2,2,0,2,3,1,0,0,0,0,0,1,2,0,1,2,3,3,0,0,0,0,0,0,0,1,0,0,0,0,0,2,0,0,0,1,0,4,0,0,1,0,0,0,369,102,1,6,365,85,180,16,182,67,74,7,210,36,78,40,332,61,33,24,1,0,3
08/03/2019,1003284,Al-Nassr,6780,Al-Ittifaq,5680,Home,1,90,11,2,2,3,0,1,7,10,8,0,0,0,0,0,0,0,1,0,3,6,7,2,0,1,3,6,3,4,3,0,0,0,0,0,0,3,6,8,0,0,1,0,0,0,0,3,0,0,0,0,0,7,0,0,0,0,0,8,1,0,1,0,0,1,383,119,3,15,365,87,124,19,237,67,35,3,194,31,132,52,338,64,27,23,3,4,11
28/01/2019,1003235,Al-Nassr,6780,Ohod,9624,Home,1,90,11,3,3,4,1,1,7,7,4,0,0,0,0,0,0,0,0,0,4,6,3,1,0,1,4,3,0,0,2,0,1,1,3,1,3,6,2,3,0,0,0,0,0,0,0,3,1,0,0,0,0,5,1,0,0,0,0,6,0,0,0,1,0,1,572,110,4,7,562,95,315,16,244,76,107,2,347,40,105,50,530,68,32,27,1,2,4
14/09/2018,1003115,Al-Nassr,6780,Al-Faisaly,6777,Home,1,90,11,3,3,2,1,1,5,6,5,0,0,0,0,0,0,0,0,0,2,4,5,3,0,1,1,2,0,0,2,0,1,1,1,1,1,4,3,4,0,0,0,0,0,0,0,2,0,0,0,0,0,5,0,0,0,0,0,3,2,0,0,1,0,0,372,88,1,9,356,66,161,15,191,51,61,5,205,23,86,38,333,36,23,30,0,0,9
05/10/2018,1003137,Al-Nassr,6780,Al-Hazm,6846,Home,1,90,11,3,3,5,1,1,14,6,6,0,0,0,0,0,0,0,0,0,5,9,3,6,0,5,3,0,0,2,2,1,2,3,1,0,3,8,3,5,0,1,0,0,0,0,0,5,0,0,0,0,0,9,4,0,0,1,0,4,2,0,0,0,0,1,417,104,5,16,405,90,220,24,181,64,94,7,215,40,92,40,374,69,31,21,1,3,8
16/03/2019,1003295,Al-Nassr,6780,Al-Wahda,6847,Away,1,90,11,3,3,4,1,1,8,2,0,1,1,0,0,0,0,1,0,0,4,6,2,0,0,2,0,0,0,0,0,0,2,3,0,0,2,5,2,0,0,0,0,0,0,0,0,3,0,0,0,0,1,6,0,0,1,0,1,2,0,0,0,0,0,0,301,102,3,4,296,89,128,12,167,73,46,3,159,32,90,50,276,58,20,31,0,1,1
19/10/2018,1003147,Al-Nassr,6780,Al-Baten,9623,Away,1,90,11,2,2,2,0,0,6,9,4,0,0,0,0,0,0,0,0,0,2,5,6,2,0,1,3,2,0,1,0,0,1,2,2,1,0,3,7,3,0,0,0,0,0,0,0,1,0,0,0,0,0,6,0,0,0,0,0,7,1,0,0,1,0,0,488,106,1,11,487,88,226,27,255,59,91,10,276,40,114,36,459,56,28,32,0,1,0
28/12/2018,1003323,Al-Nassr,6780,Al-Fateh,6772,Away,1,90,11,2,2,0,0,0,6,4,3,0,0,0,0,0,0,0,0,0,0,6,2,3,0,0,2,0,0,1,1,0,0,1,0,0,0,4,3,3,0,0,0,0,0,0,0,0,0,0,0,0,0,4,1,0,0,1,0,4,0,0,0,0,0,0,333,106,0,10,316,87,179,18,126,68,91,8,139,27,75,51,295,60,21,27,1,2,5
30/08/2018,1003105,Al-Nassr,6780,Ohod,9624,Away,1,90,11,2,2,2,1,1,3,5,2,0,0,0,0,0,0,0,0,0,2,2,5,0,0,1,0,2,1,1,3,0,0,0,0,0,1,2,1,2,0,0,1,0,0,0,0,2,0,0,0,0,0,3,0,0,0,0,0,2,2,0,0,1,0,1,329,114,2,8,322,101,169,24,148,73,77,6,171,38,69,52,304,58,18,43,0,0,6
06/12/2018,1003192,Al-Quadisiya,6775,Al-Ittifaq,5680,Home,1,90,11,3,3,2,1,1,3,3,2,1,0,1,0,1,0,0,1,0,2,3,1,1,0,0,2,1,1,1,0,0,1,1,1,1,0,1,2,1,0,0,0,0,0,0,0,2,0,0,0,0,0,2,0,0,0,0,1,2,0,0,1,0,0,0,266,95,2,4,259,91,133,17,125,70,58,6,129,34,71,46,225,53,34,38,0,1,3
21/12/2018,1003209,Al-Quadisiya,6775,Al-Taawon,6778,Home,1,90,11,3,3,3,1,1,5,3,0,0,0,0,0,0,0,1,0,0,2,3,2,0,1,2,1,0,0,0,1,0,1,2,0,0,2,3,2,0,0,0,0,0,0,0,0,3,0,0,0,0,0,3,0,0,1,0,0,2,1,0,0,0,0,0,218,90,2,4,208,88,128,26,76,55,71,10,101,46,32,25,185,44,23,44,1,1,2
22/02/2019,1003268,Al-Quadisiya,6775,Al-Shabab,6774,Home,1,90,11,3,3,0,0,0,2,4,3,0,0,0,0,0,0,0,0,0,0,1,2,1,0,1,2,2,0,0,1,0,0,1,1,1,0,1,2,2,0,0,0,0,0,0,0,0,0,0,0,0,0,2,0,0,0,0,0,3,1,0,0,0,0,0,282,102,0,7,271,97,165,25,98,68,82,9,136,37,45,47,244,63,27,34,1,5,2
17/12/2018,1003206,Al-Quadisiya,6775,Ohod,9624,Away,1,90,11,3,3,3,1,1,5,2,4,0,0,0,0,0,0,0,0,0,3,5,1,2,0,0,1,2,1,1,1,0,2,3,0,2,0,1,1,2,0,0,0,0,0,0,0,3,0,0,0,0,0,5,0,0,0,0,0,1,1,0,0,0,0,1,369,97,3,6,364,85,177,16,185,62,93,5,188,27,81,44,337,55,27,30,0,1,3
02/02/2019,1003240,Al-Quadisiya,6775,Al-Feiha,10483,Home,1,90,11,3,3,2,1,1,6,4,3,0,0,0,0,0,0,0,0,0,1,4,4,1,1,2,0,2,0,1,0,0,2,3,2,1,0,2,2,2,0,0,0,0,0,0,0,2,0,0,0,0,0,5,0,0,0,1,0,4,0,0,0,0,0,1,462,103,1,7,454,93,227,22,220,69,86,2,245,39,116,49,421,66,33,27,2,2,3
01/03/2019,1003274,Al-Quadisiya,6775,Al-Raed,6773,Away,1,90,11,3,3,0,0,0,1,10,2,0,0,0,0,0,0,0,0,1,0,1,8,1,0,0,2,1,0,0,3,0,0,0,4,0,0,1,3,2,0,0,0,0,0,0,0,0,0,0,0,0,0,1,0,0,0,0,0,5,4,0,0,1,0,0,438,108,0,10,428,94,197,14,221,76,65,5,244,23,109,60,399,62,29,32,2,2,5
15/09/2018,1003119,Al-Quadisiya,6775,Al-Ittihad,1316,Away,1,90,11,3,3,3,1,1,6,1,0,0,0,0,0,0,0,0,0,0,1,1,1,0,2,5,0,0,0,0,0,0,2,4,1,0,1,2,0,0,0,0,0,0,0,0,0,3,0,0,0,0,0,6,0,0,0,0,0,1,0,0,0,0,0,0,242,74,3,4,232,71,119,20,108,46,58,9,126,32,43,25,211,43,21,28,0,0,0
09/11/2018,1003173,Al-Quadisiya,6775,Al-Ahli,6770,Away,1,90,11,3,3,2,1,1,7,6,4,0,0,0,0,0,0,1,0,0,2,4,3,1,0,3,3,3,0,1,0,1,0,2,1,1,2,4,5,2,0,0,0,0,0,0,0,2,0,0,0,0,0,4,1,0,1,0,0,5,0,1,0,0,0,0,210,85,1,13,204,83,86,28,114,45,32,12,128,30,40,31,180,43,24,40,0,1,3
06/02/2019,1003254,Al-Quadisiya,6775,Al-Nassr,6780,Away,1,90,11,3,3,1,0,0,4,6,0,0,0,0,0,0,0,1,0,0,1,2,1,0,0,2,5,0,1,2,0,0,0,2,3,0,0,0,3,0,0,0,0,0,0,0,0,0,1,0,0,0,0,1,1,0,1,1,0,3,2,0,0,1,0,0,388,103,1,6,376,96,178,22,196,72,81,8,215,32,78,52,348,63,28,33,2,2,4
18/10/2018,1003145,Al-Quadisiya,6775,Al-Hazm,6846,Away,1,90,11,3,3,1,0,0,2,8,6,0,0,0,0,0,0,0,1,1,1,2,6,2,0,0,2,4,0,1,4,0,0,0,3,3,1,1,1,3,0,0,0,0,0,0,0,0,0,0,0,1,0,1,0,0,0,1,0,5,1,0,1,1,0,0,347,112,1,11,334,87,120,15,207,70,43,2,189,34,95,48,299,65,35,22,4,4,6
06/10/2018,1003143,Al-Quadisiya,6775,Al-Wahda,6847,Home,1,90,11,3,3,0,0,0,5,3,2,0,0,0,0,0,0,0,0,0,0,3,1,0,0,2,2,2,0,0,0,0,0,1,1,0,0,4,2,2,0,0,0,0,0,0,0,0,0,0,0,0,0,5,0,0,0,0,0,3,0,0,0,0,0,0,344,89,0,7,339,78,146,14,187,55,45,7,206,28,82,34,317,48,22,30,0,4,3
10/01/2019,1003231,Al-Quadisiya,6775,Al-Ittihad,1316,Home,1,90,11,3,3,0,0,0,4,6,1,0,0,0,0,0,0,0,0,0,0,1,3,1,0,3,3,0,0,0,0,0,0,3,3,0,0,1,3,1,0,0,0,0,0,0,0,0,0,0,0,0,0,4,0,0,0,0,0,5,1,0,0,0,0,0,417,117,0,9,404,103,209,31,190,71,95,8,222,35,82,57,372,70,32,33,1,0,2
27/01/2019,1003233,Al-Quadisiya,6775,Al-Fateh,6772,Away,1,90,11,3,3,0,0,0,2,5,1,0,0,0,0,0,0,0,0,0,0,0,4,1,0,2,1,0,0,0,2,0,0,0,1,0,0,2,2,1,0,0,0,0,0,0,0,0,0,0,0,0,0,2,0,0,0,0,0,5,0,0,0,0,0,0,359,102,0,6,348,83,146,15,191,67,52,3,190,25,95,54,307,55,41,28,0,3,2
31/08/2018,1003107,Al-Quadisiya,6775,Al-Fateh,6772,Home,1,90,11,3,3,0,0,0,1,7,5,0,0,0,0,0,0,0,0,1,0,0,5,1,0,1,2,4,0,0,1,0,0,0,2,4,0,1,4,1,0,0,0,0,0,0,0,0,0,0,0,0,0,1,0,0,0,0,0,6,1,0,0,0,0,0,317,80,0,9,309,68,143,13,160,54,57,8,165,20,81,39,285,52,24,16,0,0,3
02/11/2018,1003165,Al-Quadisiya,6775,Al-Hilal,1317,Home,1,90,11,3,3,0,0,0,2,4,4,0,0,0,0,0,0,0,0,0,0,2,1,2,0,0,3,2,0,1,0,0,0,0,2,1,0,1,2,3,0,0,0,0,0,0,0,0,0,0,0,0,0,0,1,0,0,1,0,4,0,0,0,0,0,0,198,66,0,8,190,61,107,22,73,35,53,6,95,28,32,21,165,31,25,30,0,4,3
23/11/2018,1003181,Al-Quadisiya,6775,Al-Raed,6773,Home,1,90,11,3,3,3,1,1,4,5,2,0,0,0,0,0,0,0,0,0,3,4,3,1,0,0,2,1,0,0,1,0,1,1,3,0,2,3,1,2,0,0,0,0,0,0,0,3,0,0,0,0,0,3,0,0,0,0,0,4,1,0,0,0,0,1,230,100,3,7,226,96,107,24,117,66,45,11,120,33,59,44,192,53,34,43,1,1,3
12/02/2019,1003261,Al-Quadisiya,6775,Al-Hilal,1317,Away,1,90,11,3,3,1,0,0,2,4,2,0,0,0,0,0,0,0,1,0,0,1,2,2,1,1,2,0,0,0,2,1,0,1,2,1,1,1,0,0,0,0,0,0,1,1,0,1,0,0,0,0,0,2,0,0,0,0,0,2,0,0,1,1,0,0,255,87,1,4,250,79,134,16,115,58,55,4,156,30,38,40,234,37,16,42,2,2,3
14/03/2019,1003289,Al-Quadisiya,6775,Al-Faisaly,6777,Away,1,90,11,2,2,0,0,0,7,7,5,0,0,0,0,0,0,0,0,0,0,4,2,2,0,3,5,3,0,2,1,0,0,2,3,4,0,3,3,1,0,0,0,0,1,1,0,0,0,0,0,0,0,5,2,0,0,0,0,5,1,0,0,1,0,0,388,88,0,15,377,65,140,18,235,45,61,4,205,23,109,34,353,42,24,23,1,0,6
26/10/2018,1003155,Al-Quadisiya,6775,Al-Shabab,6774,Away,1,90,11,2,2,1,1,0,3,3,1,0,0,0,0,0,0,0,0,0,1,1,2,0,0,2,1,1,0,0,1,0,1,2,0,0,0,1,2,1,0,0,0,0,0,0,0,1,0,0,0,0,0,2,1,0,0,0,0,1,1,0,0,1,0,0,217,100,1,5,213,94,96,25,112,63,40,16,109,32,59,40,187,48,26,46,2,3,0
27/12/2018,1003216,Al-Quadisiya,6775,Al-Baten,9623,Away,1,90,11,3,3,0,0,0,3,5,6,0,0,0,0,0,0,0,1,0,0,1,3,2,0,2,2,4,0,0,1,0,0,3,4,3,0,0,0,3,0,0,0,0,0,0,0,0,0,0,0,0,0,3,0,0,0,0,0,3,1,0,1,0,0,0,508,120,0,10,498,94,185,13,309,79,68,5,262,30,164,57,457,75,41,19,1,2,5
19/09/2018,1003120,Al-Quadisiya,6775,Al-Nassr,6780,Home,1,90,11,3,3,0,0,0,0,2,1,0,0,0,0,0,0,0,1,0,0,0,0,1,0,0,2,0,0,0,0,0,0,0,1,0,0,0,1,1,0,0,0,0,0,0,0,0,0,0,0,0,0,0,0,0,0,0,0,1,0,0,1,0,0,0,281,66,0,2,278,57,139,16,133,38,61,7,158,20,53,25,258,36,20,21,0,0,0
08/03/2019,1003280,Al-Quadisiya,6775,Al-Ahli,6770,Home,1,90,11,3,3,1,1,0,3,6,1,0,0,0,0,0,1,1,1,0,0,1,1,0,1,2,5,1,0,1,1,0,0,0,2,0,1,2,3,1,0,0,0,0,0,0,0,0,0,0,1,0,0,1,1,0,1,0,0,5,0,0,1,0,0,0,365,117,0,8,355,103,174,26,176,69,70,15,200,41,80,39,330,48,25,55,2,6,6
28/09/2018,1003133,Al-Quadisiya,6775,Al-Feiha,10483,Away,1,90,11,3,3,2,0,0,2,6,5,0,0,0,0,0,0,0,1,0,1,1,3,4,1,1,3,1,0,0,3,1,1,1,1,2,1,1,2,2,0,0,0,0,0,0,0,1,1,0,0,0,0,1,1,0,0,0,0,2,3,0,1,0,0,0,296,91,1,5,291,78,133,19,154,55,60,3,148,30,79,41,275,49,16,29,3,1,3
30/11/2018,1003188,Al-Quadisiya,6775,Al-Faisaly,6777,Home,1,90,11,3,3,1,1,0,4,2,1,0,0,0,0,0,0,0,0,0,0,3,1,1,1,1,1,0,0,1,0,0,1,2,1,0,0,1,1,1,0,0,0,0,0,0,0,1,0,0,0,0,0,3,1,0,0,0,0,2,0,0,0,0,0,0,234,96,0,3,230,82,88,20,137,58,28,5,134,40,63,33,207,47,23,35,0,2,2
25/12/2018,1003171,Al-Raed,6773,Al-Taawon,6778,Home,1,90,11,3,3,2,1,1,2,5,3,0,0,0,0,0,0,0,0,0,2,2,2,2,0,0,3,1,1,1,2,0,0,0,1,1,1,1,2,2,0,0,0,0,0,0,0,1,1,0,0,0,0,1,1,0,0,0,0,5,0,0,0,0,0,0,325,95,2,4,315,85,158,24,153,54,72,9,166,29,73,39,283,59,32,26,2,4,5
15/09/2018,1003117,Al-Raed,6773,Al-Hilal,1317,Home,1,90,11,3,3,1,0,0,3,5,6,0,0,0,0,0,0,0,0,2,1,1,5,4,0,2,0,2,1,1,3,0,0,0,0,1,0,2,2,5,0,0,0,0,0,0,0,1,0,0,0,0,0,3,0,0,0,0,0,2,1,0,0,2,0,0,239,86,1,8,232,75,114,17,115,51,57,2,108,34,64,32,210,41,22,34,1,0,5
15/02/2019,1003259,Al-Raed,6773,Al-Ittihad,1316,Home,1,90,11,3,3,1,1,0,5,3,1,0,0,0,0,0,0,0,0,0,1,5,3,0,0,0,0,1,0,1,1,0,0,1,1,0,1,3,1,1,0,0,0,0,0,0,0,1,0,0,0,0,0,2,0,0,0,1,0,1,1,0,0,0,0,0,208,104,1,7,200,96,97,32,98,58,51,14,103,41,41,35,172,54,28,42,1,7,2
01/12/2018,1003290,Al-Raed,6773,Al-Baten,9623,Away,1,90,11,3,3,3,1,1,4,6,4,0,0,0,0,0,1,1,0,0,2,2,2,3,1,2,4,1,0,0,0,0,1,1,3,2,2,3,3,2,0,0,0,0,0,0,0,2,0,0,1,0,0,3,0,0,1,0,0,4,1,0,0,1,0,1,303,97,1,8,298,90,154,19,143,67,76,6,163,26,58,50,274,61,24,29,1,0,3
29/01/2019,1003232,Al-Raed,6773,Al-Ittifaq,5680,Home,1,90,11,3,3,1,0,0,4,5,3,0,0,0,0,0,0,1,1,0,1,2,4,2,0,2,1,1,0,1,2,0,1,1,1,2,0,2,2,1,0,0,0,0,0,0,0,1,0,0,0,0,0,3,0,0,1,0,0,3,0,0,1,1,0,0,385,109,1,6,377,92,179,21,193,71,90,6,174,28,108,58,345,71,32,21,1,3,6
23/02/2019,1003154,Al-Raed,6773,Al-Faisaly,6777,Home,1,90,11,3,3,0,0,0,3,12,4,0,0,0,0,0,0,0,1,0,0,3,8,3,0,0,4,1,0,1,4,0,0,0,1,1,0,2,7,3,0,0,0,0,0,0,0,0,0,0,0,0,0,2,0,0,0,1,0,9,2,0,1,0,0,0,348,104,0,15,333,82,111,12,218,69,48,4,147,15,134,62,294,68,39,14,0,0,11
08/12/2018,1003196,Al-Raed,6773,Al-Ahli,6770,Home,1,90,11,3,3,0,0,0,4,1,5,0,0,0,0,0,0,0,0,1,0,1,1,1,0,3,0,4,0,1,0,0,0,1,0,3,0,2,1,2,0,0,0,0,0,0,0,0,0,0,0,0,0,3,1,0,0,0,0,1,0,0,0,0,0,0,262,84,0,8,256,76,121,26,127,48,68,8,113,39,67,26,224,46,32,30,0,1,2
14/12/2018,1003203,Al-Raed,6773,Al-Nassr,6780,Away,1,90,11,3,3,0,0,0,5,4,1,0,0,0,0,0,0,2,2,0,0,3,1,1,0,2,3,0,0,0,0,0,0,1,3,0,0,4,1,1,0,0,0,0,0,0,0,0,0,0,0,0,0,3,0,0,2,0,0,2,0,0,2,0,0,0,279,88,0,5,275,79,119,27,152,51,62,8,139,34,70,36,245,59,30,20,2,5,2
11/01/2019,1003227,Al-Raed,6773,Al-Hilal,1317,Away,1,90,11,3,3,1,0,0,1,2,1,0,0,0,0,0,0,0,0,1,1,1,2,0,0,0,0,1,1,1,2,0,0,0,0,1,0,0,0,0,0,0,0,0,0,0,0,0,1,0,0,0,0,0,1,0,0,0,0,0,2,0,0,0,0,1,186,94,1,2,179,89,103,27,73,54,44,6,105,40,27,32,159,48,20,41,0,4,4
22/09/2018,1003127,Al-Raed,6773,Al-Wahda,6847,Away,1,90,11,3,3,1,0,0,3,3,3,1,0,0,1,1,0,0,1,0,1,3,1,0,0,0,2,3,0,0,0,0,1,1,0,1,0,2,3,2,0,0,0,0,0,0,0,1,0,0,0,0,0,3,0,0,0,0,0,1,0,0,1,0,1,0,330,86,0,5,325,68,150,6,174,60,73,1,163,17,88,48,295,48,30,20,0,0,3
20/12/2018,1003213,Al-Raed,6773,Al-Hazm,6846,Home,1,90,11,3,3,1,1,1,4,7,4,0,0,0,0,0,0,0,1,0,1,2,6,2,0,2,1,2,0,0,4,0,0,2,2,3,1,2,1,1,0,0,0,0,0,0,0,1,0,0,0,0,0,4,0,0,0,0,0,2,2,0,1,2,0,1,382,86,0,10,370,73,138,16,229,54,50,7,214,20,103,43,336,47,34,26,1,4,5
09/02/2019,1003250,Al-Raed,6773,Al-Wahda,6847,Home,1,90,11,2,2,1,1,0,1,4,2,0,0,0,0,0,0,0,0,0,1,1,4,1,0,0,0,1,0,0,3,0,1,1,0,0,0,0,1,2,0,0,0,0,0,0,0,1,0,0,0,0,0,1,0,0,0,0,0,2,1,0,0,1,0,0,281,96,1,6,270,80,113,11,151,68,55,6,136,29,73,44,246,51,24,29,0,2,6
19/10/2018,1003149,Al-Raed,6773,Al-Fateh,6772,Home,1,90,11,3,3,0,0,0,6,4,6,0,0,0,0,0,0,1,0,0,0,4,3,3,0,2,1,3,0,2,1,0,0,1,0,1,0,3,3,5,0,0,0,0,1,1,0,0,0,0,0,0,0,5,0,0,1,0,0,3,0,0,0,1,0,0,369,121,0,9,360,99,177,8,180,89,82,1,174,29,101,66,321,69,39,30,1,1,4
30/12/2018,1003221,Al-Raed,6773,Ohod,9624,Away,1,90,11,3,3,1,1,1,5,5,2,1,1,0,0,0,0,0,0,0,1,4,5,2,0,1,0,0,0,0,1,1,0,1,2,0,1,4,2,1,0,0,0,0,1,1,0,0,0,0,0,0,1,3,0,0,0,1,1,3,1,0,0,0,0,0,374,92,0,9,367,82,196,16,165,63,98,3,182,30,81,46,338,50,29,32,0,4,4
01/03/2019,1003274,Al-Raed,6773,Al-Quadisiya,6775,Home,1,90,11,3,3,0,0,0,4,8,4,0,0,0,0,0,0,0,1,0,0,3,4,2,0,1,4,2,0,0,1,1,0,1,3,1,0,3,4,2,0,0,0,0,0,0,0,0,0,0,0,0,0,4,0,0,0,0,0,4,2,0,1,1,0,0,318,102,0,11,311,91,173,22,127,67,86,11,155,41,59,37,285,48,26,43,0,2,2
04/10/2018,1003138,Al-Raed,6773,Al-Feiha,10483,Away,1,90,11,3,3,3,1,1,4,10,1,0,0,0,0,0,0,0,1,0,3,4,8,1,0,0,2,0,0,0,2,0,1,1,2,0,2,3,6,1,0,0,0,0,0,0,0,2,1,0,0,0,0,3,1,0,0,0,0,6,2,1,1,0,0,0,337,89,2,9,330,80,188,24,139,54,87,5,179,33,61,37,277,43,53,37,1,3,4
24/10/2018,1003265,Al-Raed,6773,Al-Faisaly,6777,Away,1,90,11,3,3,0,0,0,5,4,4,0,0,0,0,0,0,0,0,0,0,2,2,3,0,3,2,1,0,0,1,1,0,1,0,1,0,4,3,2,0,0,0,0,0,0,0,0,0,0,0,0,0,5,0,0,0,0,0,3,0,0,0,1,0,0,312,115,0,10,305,94,168,20,133,69,83,8,144,31,74,50,284,54,21,40,2,1,5
23/11/2018,1003181,Al-Raed,6773,Al-Quadisiya,6775,Away,1,90,11,3,3,1,0,0,7,3,3,0,0,0,0,0,0,0,0,0,1,4,2,0,0,3,1,3,0,0,1,0,0,0,0,1,1,7,2,2,0,0,0,0,0,0,0,1,0,0,0,0,0,7,0,0,0,0,0,2,1,0,0,0,0,0,329,119,1,8,320,109,140,25,176,82,66,9,163,30,87,66,287,72,33,37,0,5,6
07/03/2019,1003285,Al-Raed,6773,Al-Taawon,6778,Away,1,90,11,3,3,1,1,0,1,4,0,1,1,0,0,0,0,0,0,0,1,1,3,0,0,0,1,0,0,0,0,0,0,0,3,0,1,1,1,0,0,0,0,0,0,0,0,0,0,0,0,0,1,0,0,0,0,0,1,2,0,0,0,1,0,0,162,101,0,2,158,94,86,32,67,59,51,12,74,44,28,35,136,53,22,41,3,5,1
04/02/2019,1003241,Al-Raed,6773,Al-Shabab,6774,Away,1,90,11,3,3,1,0,0,1,6,4,0,0,0,0,0,0,0,1,2,1,1,4,0,0,0,2,4,0,0,3,0,1,1,2,2,0,0,1,2,0,0,0,0,0,0,0,0,0,0,0,1,0,0,0,0,0,1,0,2,2,0,1,1,0,0,227,79,0,6,218,66,98,14,116,49,35,3,133,31,46,27,190,40,28,26,1,2,3
28/09/2018,1003134,Al-Raed,6773,Al-Shabab,6774,Home,1,90,11,3,3,1,1,0,5,4,0,1,1,0,0,0,0,2,0,0,1,2,4,0,0,3,0,0,0,0,1,0,0,3,1,0,1,2,2,0,0,0,0,0,0,0,0,0,0,0,0,0,1,2,0,0,2,0,1,4,0,0,0,0,0,0,260,96,0,5,245,89,122,22,119,62,64,11,105,28,72,45,216,57,29,32,1,0,3
15/03/2019,1003190,Al-Raed,6773,Al-Baten,9623,Home,1,90,11,3,3,1,1,1,7,4,4,0,0,0,0,0,0,0,0,1,1,5,1,1,0,2,3,3,0,2,0,1,0,0,2,0,1,5,2,3,0,0,0,0,0,0,0,1,0,0,0,0,0,6,1,0,0,0,0,4,0,0,0,0,0,0,334,106,0,10,326,91,141,25,182,65,52,8,176,37,95,45,297,59,29,32,0,2,4
30/08/2018,1003104,Al-Raed,6773,Al-Ittifaq,5680,Away,1,90,11,3,3,1,0,0,4,4,10,0,0,0,0,0,0,0,0,0,1,4,2,6,0,0,2,4,1,1,1,0,0,0,2,1,0,3,1,9,0,0,0,0,0,0,0,1,0,0,0,0,0,3,1,0,0,0,0,1,2,0,0,1,0,0,325,77,1,16,310,61,140,12,164,49,68,1,134,21,102,38,268,42,42,19,1,1,9
01/11/2018,1003166,Al-Raed,6773,Al-Ittihad,1316,Away,1,90,11,3,3,2,1,1,3,5,3,0,0,0,0,0,1,1,1,0,1,2,3,2,1,1,2,1,1,1,1,0,1,1,2,1,0,1,2,2,0,0,0,0,0,0,0,0,1,0,1,0,0,1,1,0,1,0,0,3,1,0,1,0,0,0,205,89,1,8,198,82,96,29,94,46,50,9,86,38,54,27,170,41,28,41,2,1,4
07/03/2019,1003281,Al-Shabab,6774,Al-Faisaly,6777,Home,1,90,11,3,3,2,1,1,5,6,2,0,0,0,0,0,0,0,0,0,2,2,2,0,0,3,4,2,1,1,0,0,1,1,0,1,0,3,6,1,0,0,0,0,0,0,0,2,0,0,0,0,0,5,0,0,0,0,0,5,1,0,0,0,0,0,304,100,2,9,301,89,130,25,164,59,65,5,140,37,89,41,274,49,27,40,1,5,1
04/02/2019,1003241,Al-Shabab,6774,Al-Raed,6773,Home,1,90,11,2,2,1,1,0,6,7,6,1,1,0,0,0,0,0,0,0,1,6,1,3,0,0,6,3,0,1,0,0,0,3,1,2,1,2,6,4,0,0,0,0,0,0,0,0,0,0,0,0,1,5,0,0,0,0,1,6,1,0,0,0,0,0,389,96,0,15,378,75,156,17,217,57,66,3,208,35,99,35,330,48,48,27,0,3,7
08/11/2018,1003169,Al-Shabab,6774,Al-Faisaly,6777,Away,1,90,11,3,3,0,0,0,3,5,3,0,0,0,0,0,0,0,0,0,0,3,1,1,0,0,4,2,0,0,0,0,0,3,2,2,0,0,3,1,0,0,0,0,0,0,0,0,0,0,0,0,0,2,0,0,0,1,0,4,1,0,0,0,0,0,280,82,0,8,272,70,117,15,151,53,55,6,129,26,84,36,245,44,27,26,0,2,2
21/12/2018,1003211,Al-Shabab,6774,Al-Baten,9623,Home,1,90,11,3,3,4,1,1,6,7,5,0,0,0,0,0,0,0,0,0,3,4,5,1,1,2,2,4,0,0,3,0,1,2,1,2,3,4,3,3,0,0,0,0,0,0,0,3,0,0,0,1,0,5,0,0,0,1,0,5,2,0,0,0,0,0,419,84,4,14,409,72,216,13,191,59,100,2,203,28,104,41,376,39,33,33,2,1,4
15/02/2019,1003256,Al-Shabab,6774,Al-Wahda,6847,Home,1,90,11,3,3,1,1,1,2,2,0,1,1,0,0,0,0,0,0,0,1,2,1,0,0,0,1,0,0,0,0,0,0,0,1,0,1,2,1,0,0,0,0,0,0,0,0,0,0,0,0,0,1,0,1,0,0,0,1,2,0,0,0,0,0,0,172,81,0,2,170,73,67,19,97,46,31,9,80,20,53,36,139,30,31,43,0,3,1
23/11/2018,1003182,Al-Shabab,6774,Al-Nassr,6780,Away,1,90,11,3,3,0,0,0,3,4,3,0,0,0,0,0,0,1,0,0,0,2,2,3,0,1,2,0,0,0,1,0,0,1,1,2,0,2,2,1,0,0,0,0,0,0,0,0,0,0,0,0,0,2,0,0,1,0,0,3,1,0,0,0,0,0,236,105,0,7,233,85,121,24,105,59,64,7,101,31,61,43,199,51,34,34,1,0,1
31/08/2018,1003109,Al-Shabab,6774,Al-Ittihad,1316,Home,1,90,11,3,3,1,1,1,5,6,2,0,0,0,0,0,0,1,0,1,1,4,2,1,0,1,4,1,0,0,0,0,0,2,1,1,1,3,5,1,0,0,0,0,0,0,0,1,0,0,0,0,0,4,0,0,1,0,0,6,0,0,0,0,0,0,195,95,0,7,190,84,91,18,98,61,41,1,95,48,53,29,169,43,21,41,1,2,1
05/10/2018,1003140,Al-Shabab,6774,Al-Taawon,6778,Away,1,90,11,3,3,1,1,0,4,4,1,0,0,0,0,0,0,1,1,1,1,2,1,0,0,2,3,1,0,0,1,0,0,2,0,0,1,2,3,1,0,0,0,0,0,0,0,1,0,0,0,0,0,3,0,0,1,0,0,2,1,0,1,0,0,0,165,107,1,4,160,101,80,34,77,61,37,14,90,41,30,40,133,54,27,47,2,3,1
28/09/2018,1003134,Al-Shabab,6774,Al-Raed,6773,Away,1,90,11,3,3,1,0,0,6,2,0,0,0,0,0,0,0,0,0,0,1,4,1,0,0,2,1,0,0,0,0,0,0,1,0,0,1,5,2,0,0,0,0,0,0,0,0,1,0,0,0,0,0,4,0,1,0,1,0,1,0,0,0,1,0,0,211,100,1,4,205,82,81,16,120,65,40,9,96,29,65,43,175,48,30,34,0,1,3
29/11/2018,1003288,Al-Shabab,6774,Al-Ittifaq,5680,Home,1,90,11,2,2,2,0,0,8,6,11,0,0,0,0,0,0,2,0,3,2,5,4,4,0,3,2,7,1,1,0,0,0,0,1,2,1,7,5,9,0,0,0,0,0,0,0,1,0,0,0,1,0,5,0,0,2,1,0,6,0,0,0,0,0,1,365,93,2,14,355,67,153,12,197,55,82,2,149,18,119,47,312,48,43,19,0,0,6
20/09/2018,1003121,Al-Shabab,6774,Al-Fateh,6772,Home,1,90,11,2,2,1,1,0,9,6,3,0,0,0,0,0,0,0,1,0,1,5,5,2,0,4,1,1,1,3,3,1,0,0,0,1,0,6,3,1,0,0,0,0,0,0,0,1,0,0,0,0,0,8,0,0,0,1,0,3,1,0,1,1,0,0,339,88,1,12,321,68,138,19,178,48,50,5,170,26,96,35,285,48,36,20,0,1,8
01/11/2018,1003162,Al-Shabab,6774,Al-Wahda,6847,Away,1,90,11,3,3,1,1,1,5,8,6,0,0,0,0,0,0,0,0,1,0,3,2,1,1,2,6,5,0,1,0,0,1,3,1,2,0,1,7,4,0,0,0,0,0,0,0,1,0,0,0,0,0,4,0,0,0,1,0,7,1,0,0,0,0,0,253,86,1,11,250,81,93,13,151,67,35,8,130,19,79,53,230,40,20,41,1,2,1
15/03/2019,1003184,Al-Shabab,6774,Al-Ittifaq,5680,Away,1,90,11,3,3,1,1,0,11,8,9,0,0,0,0,0,0,1,2,1,1,9,5,6,0,2,3,3,0,1,1,0,0,3,2,2,1,7,5,7,0,0,0,0,0,0,0,1,0,0,0,0,0,9,0,0,1,1,0,3,2,0,2,1,0,0,354,112,1,15,347,84,141,16,203,67,69,3,153,33,122,47,304,59,43,25,1,3,5
11/01/2019,1003229,Al-Shabab,6774,Al-Feiha,10483,Home,1,90,11,3,3,4,1,1,9,6,2,1,1,0,0,0,0,0,0,0,4,7,5,1,0,2,1,1,0,0,3,0,2,2,2,0,2,7,1,2,0,0,0,0,1,1,0,3,0,0,0,0,1,7,0,0,0,0,1,2,3,0,0,0,0,0,285,100,2,12,274,92,127,24,145,67,58,6,131,43,83,41,243,55,31,37,0,2,4
14/09/2018,1003116,Al-Shabab,6774,Al-Feiha,10483,Away,1,90,11,3,3,3,0,1,6,5,3,0,0,0,0,0,1,1,1,0,2,5,2,1,1,1,3,2,0,1,1,0,0,0,3,2,3,5,1,1,0,0,0,0,0,0,0,1,0,1,1,0,0,1,1,2,1,0,0,2,1,0,1,0,0,0,258,104,1,7,246,90,132,23,111,63,39,8,146,37,58,40,215,53,31,37,2,3,7
09/02/2019,1003248,Al-Shabab,6774,Al-Fateh,6772,Away,1,90,11,3,3,0,0,0,2,7,3,1,0,0,1,1,0,0,0,0,0,1,5,1,0,1,2,2,0,0,2,0,0,1,2,2,0,1,3,1,0,0,0,0,0,0,0,0,0,0,0,0,0,2,0,0,0,0,0,5,1,0,0,0,1,0,330,123,0,8,324,112,149,21,170,85,60,4,176,43,83,59,290,71,34,41,0,4,2
28/12/2018,1003220,Al-Shabab,6774,Al-Hazm,6846,Away,1,90,11,3,3,3,1,1,8,4,4,0,0,0,0,0,0,0,1,1,3,7,2,2,0,1,2,2,1,1,0,0,0,1,1,1,2,6,3,3,0,0,0,0,0,0,0,2,1,0,0,0,0,7,1,0,0,0,0,1,1,0,1,0,0,0,396,111,3,7,389,94,150,17,233,74,73,6,192,31,118,53,353,59,36,35,1,2,3
28/02/2019,1003278,Al-Shabab,6774,Al-Nassr,6780,Home,1,90,11,3,3,0,0,0,3,4,3,0,0,0,0,0,0,0,0,0,0,1,2,0,0,2,2,3,0,1,1,0,0,0,2,0,0,2,1,3,0,0,0,0,0,0,0,0,0,0,0,0,0,2,1,0,0,0,0,2,1,0,0,1,0,0,278,110,0,8,267,91,115,23,150,64,40,6,152,28,73,53,216,49,51,42,1,1,7
06/12/2018,1003195,Al-Shabab,6774,Ohod,9624,Home,1,90,11,3,3,1,1,1,7,6,4,0,0,0,0,0,0,1,2,0,0,4,3,2,1,3,3,2,0,1,0,0,0,3,2,2,1,3,4,2,0,0,0,0,0,0,0,1,0,0,0,0,0,5,0,0,1,1,0,2,2,0,2,0,0,0,346,113,0,9,334,100,129,20,204,79,47,2,193,30,93,65,307,59,27,41,1,1,1
22/02/2019,1003268,Al-Shabab,6774,Al-Quadisiya,6775,Away,1,90,11,3,3,1,1,1,6,14,4,0,0,0,0,0,0,1,0,0,0,2,9,1,1,4,5,3,0,0,4,1,0,0,3,0,1,6,7,3,0,0,0,0,0,0,0,0,0,0,0,1,0,4,0,0,1,1,0,10,2,0,0,1,0,0,328,114,1,17,314,92,112,18,199,73,47,2,142,38,122,51,287,55,27,37,0,5,12
15/12/2018,1003207,Al-Shabab,6774,Al-Ahli,6770,Away,1,90,11,3,3,1,1,1,3,7,9,0,0,0,0,0,0,1,0,1,1,1,3,4,0,2,4,5,0,0,0,0,0,0,2,3,1,3,5,6,0,0,0,0,0,0,0,1,0,0,0,0,0,2,0,0,1,0,0,6,0,1,0,0,0,1,275,102,1,13,266,86,98,17,164,68,38,5,125,29,99,51,241,55,25,31,3,3,5
29/01/2019,1003239,Al-Shabab,6774,Al-Ittihad,1316,Away,1,90,11,3,3,0,0,0,3,3,3,0,0,0,0,0,0,0,0,0,0,1,3,1,0,2,0,2,0,0,1,0,0,0,0,1,0,3,2,2,0,0,0,0,0,0,0,0,0,0,0,0,0,3,0,0,0,0,0,2,0,0,0,1,0,0,272,90,0,8,267,80,112,11,149,65,34,2,151,32,76,42,229,44,38,36,3,6,2
20/10/2018,1003144,Al-Shabab,6774,Al-Hilal,1317,Home,1,90,11,3,3,0,0,0,3,5,4,0,0,0,0,0,0,1,0,0,0,0,3,2,0,3,2,2,0,0,0,0,0,1,1,0,0,2,4,4,0,0,0,0,0,0,0,0,0,0,0,0,0,2,0,0,1,0,0,3,1,0,0,1,0,0,218,71,0,7,209,64,115,18,91,43,56,9,104,19,46,33,188,27,21,37,1,2,3
26/10/2018,1003155,Al-Shabab,6774,Al-Quadisiya,6775,Home,1,90,11,3,3,2,0,1,8,9,7,0,0,0,0,0,0,0,0,2,2,6,6,2,0,2,3,5,0,1,3,0,0,0,1,1,2,7,5,6,0,0,0,0,0,0,0,0,2,0,0,0,0,6,2,0,0,0,0,6,1,1,0,1,0,1,375,110,1,15,357,77,96,19,258,58,31,2,158,27,165,46,332,54,25,23,2,2,10
01/09/2018,1003111,Al-Taawon,6778,Al-Ahli,6770,Away,1,90,11,3,3,1,1,0,5,3,2,0,0,0,0,0,0,0,0,0,1,2,0,1,0,3,3,1,0,1,0,1,0,1,2,0,1,3,1,1,0,0,0,0,0,0,0,1,0,0,0,0,0,3,0,0,0,1,0,3,0,0,0,0,0,0,131,72,1,6,126,67,59,13,60,47,28,6,58,27,33,27,109,34,17,33,1,2,2
09/02/2019,1003255,Al-Taawon,6778,Al-Ittihad,1316,Away,1,90,11,3,3,0,0,0,3,10,4,0,0,0,0,0,0,0,0,0,0,3,6,1,0,0,4,3,0,2,2,0,0,0,6,3,0,1,2,1,0,0,0,0,0,0,0,0,0,0,0,0,0,3,0,0,0,0,0,8,2,0,0,0,0,0,247,112,0,12,236,100,87,23,145,72,38,10,117,43,77,42,197,55,39,45,1,2,7
01/12/2018,1003291,Al-Taawon,6778,Al-Fateh,6772,Away,1,90,11,3,3,2,1,1,8,4,3,1,0,1,0,1,0,1,0,0,2,4,4,2,0,4,0,1,0,0,2,0,1,3,2,1,1,5,0,2,0,0,0,0,0,0,0,1,1,0,0,0,0,4,2,0,1,0,1,2,2,0,0,0,0,0,400,99,1,9,391,89,198,19,191,66,104,3,189,30,96,52,352,55,39,34,0,6,4
07/12/2018,1003198,Al-Taawon,6778,Al-Wahda,6847,Away,1,90,11,3,3,1,1,1,5,4,5,0,0,0,0,0,0,0,0,0,1,4,1,4,0,1,3,1,0,0,0,0,0,1,1,1,1,4,3,3,0,0,0,1,0,0,0,1,0,0,0,0,0,5,0,0,0,0,0,3,0,0,0,1,0,0,329,97,1,11,318,85,127,16,187,67,47,4,167,32,100,46,279,64,39,21,3,1,6
25/12/2018,1003171,Al-Taawon,6778,Al-Raed,6773,Away,1,90,11,3,3,1,0,0,5,7,4,0,0,0,0,0,0,0,1,1,1,3,4,2,0,2,3,2,0,1,3,1,0,0,0,0,1,4,4,3,0,0,0,0,0,0,0,1,0,0,0,0,0,4,1,0,0,0,0,2,3,0,1,1,0,1,240,94,0,11,227,82,106,32,117,49,49,7,116,39,58,35,202,57,25,25,1,4,6
05/10/2018,1003140,Al-Taawon,6778,Al-Shabab,6774,Home,1,90,11,2,2,1,0,0,3,5,2,0,0,0,0,0,0,0,0,0,1,1,2,1,0,2,3,1,0,0,1,0,0,0,2,1,1,3,2,1,0,0,0,0,0,0,0,1,0,0,0,0,0,2,0,0,0,1,0,3,1,0,0,1,0,0,419,133,1,8,408,111,191,16,211,94,84,4,218,31,100,75,376,74,32,37,1,1,5
14/02/2019,1003257,Al-Taawon,6778,Ohod,9624,Home,1,90,11,3,3,4,1,1,9,6,3,1,1,0,0,0,0,0,0,0,4,8,4,2,0,1,2,1,1,1,0,0,0,1,5,1,3,7,1,2,0,0,0,0,0,0,0,3,0,0,0,0,1,8,0,0,0,0,1,6,0,0,0,0,0,0,294,111,3,11,283,96,146,23,135,72,84,4,116,46,81,43,244,48,39,48,2,3,4
13/09/2018,1003114,Al-Taawon,6778,Al-Hazm,6846,Away,1,90,11,3,3,1,0,0,8,6,3,1,0,1,0,1,0,0,0,1,1,7,6,1,0,1,0,2,0,0,0,0,0,2,4,1,1,6,2,2,0,0,0,0,0,0,0,1,0,0,0,0,0,5,2,0,0,0,1,5,0,1,0,0,0,0,341,104,1,12,330,88,156,24,170,62,82,5,138,40,106,41,300,59,30,29,1,3,6
10/01/2019,1003225,Al-Taawon,6778,Al-Hazm,6846,Home,1,90,11,3,3,1,1,0,5,11,5,0,0,0,0,0,0,0,0,0,1,5,7,4,0,0,4,1,0,2,2,1,0,0,3,1,1,3,5,3,0,0,1,0,0,0,0,1,0,0,0,0,0,3,0,0,0,1,0,5,3,1,0,2,0,1,466,94,1,15,449,80,195,11,249,69,93,4,231,23,120,53,411,63,38,17,5,3,12
28/01/2019,1003234,Al-Taawon,6778,Al-Ahli,6770,Home,1,90,11,3,3,3,0,0,8,4,4,0,0,0,0,0,1,2,0,1,2,6,2,1,1,2,2,3,0,2,0,0,1,3,2,1,2,3,2,3,0,0,0,0,1,1,0,2,0,0,1,0,0,5,0,0,2,1,0,3,1,0,0,0,0,0,238,115,1,8,233,99,86,23,144,72,40,5,108,31,82,59,203,56,30,43,2,1,1
28/02/2019,1003180,Al-Taawon,6778,Al-Ittifaq,5680,Home,1,90,11,3,3,4,1,1,7,4,5,1,1,0,0,0,0,0,0,0,4,5,2,3,0,2,2,2,0,0,0,0,2,3,2,1,2,4,2,4,0,0,0,0,0,0,0,3,0,0,0,0,1,6,0,0,0,0,1,4,0,0,0,0,0,0,364,107,3,7,357,83,125,15,226,66,52,2,180,40,119,39,316,56,41,27,2,4,2
02/02/2019,1003244,Al-Taawon,6778,Al-Nassr,6780,Home,1,90,11,3,3,3,1,1,5,3,1,2,2,0,0,0,0,2,0,0,3,3,2,0,0,2,1,1,0,0,0,0,1,2,0,0,2,3,3,1,0,0,0,0,0,0,0,1,0,0,0,0,2,1,0,0,2,0,2,3,0,0,0,0,0,0,187,118,1,4,183,108,88,22,87,82,48,8,78,41,49,55,143,58,40,50,0,8,3
07/03/2019,1003285,Al-Taawon,6778,Al-Raed,6773,Home,1,90,11,2,2,2,0,1,4,6,5,0,0,0,0,0,0,0,0,1,2,4,5,1,0,0,1,4,0,1,0,0,1,1,3,0,1,2,3,5,0,0,0,0,0,0,0,2,0,0,0,0,0,4,0,0,0,0,0,5,1,0,0,0,0,2,373,116,2,11,358,90,150,15,199,75,45,6,197,33,107,51,310,64,48,26,1,5,9
20/09/2018,1003122,Al-Taawon,6778,Al-Ittihad,1316,Home,1,90,11,3,3,5,1,1,10,2,2,1,0,1,0,1,0,0,0,0,5,9,2,1,0,1,0,1,0,2,1,0,2,3,0,1,3,5,1,1,0,0,0,0,0,0,0,5,0,0,0,0,0,8,0,0,0,1,1,1,1,0,0,0,0,1,261,86,5,6,252,74,129,16,120,55,84,5,105,23,60,43,224,41,28,33,1,3,4
24/09/2018,1003129,Al-Taawon,6778,Al-Nassr,6780,Away,1,90,11,3,3,0,0,0,0,4,0,0,0,0,0,0,0,0,0,0,0,0,4,0,0,0,0,0,0,0,0,0,0,0,1,0,0,0,3,0,0,0,0,0,0,0,0,0,0,0,0,0,0,0,0,0,0,0,0,4,0,0,0,0,0,0,206,98,0,4,199,89,110,27,86,58,60,10,94,38,42,37,176,49,23,40,0,1,2
22/02/2019,1003267,Al-Taawon,6778,Al-Baten,9623,Home,1,90,11,3,3,4,1,1,10,7,4,0,0,0,0,0,0,0,0,1,4,9,5,2,0,1,2,2,0,0,2,0,0,3,1,4,4,7,4,0,0,0,0,0,0,0,0,4,0,0,0,0,0,10,0,0,0,0,0,6,1,0,0,0,0,0,402,115,2,10,396,101,168,16,227,84,76,2,201,42,118,56,352,72,44,29,0,2,3
21/12/2018,1003209,Al-Taawon,6778,Al-Quadisiya,6775,Away,1,90,11,3,3,1,0,0,12,10,6,0,0,0,0,0,0,1,1,0,1,10,6,1,0,2,4,5,0,3,2,0,0,2,3,2,1,7,5,4,0,0,0,0,1,1,0,1,0,0,0,0,0,8,1,0,1,2,0,6,3,0,1,0,0,1,367,132,1,16,355,107,119,16,233,89,35,4,168,34,149,66,326,80,29,27,1,2,8
26/10/2018,1003156,Al-Taawon,6778,Al-Baten,9623,Away,1,90,11,3,3,5,1,1,5,6,0,0,0,0,0,0,0,0,0,0,5,5,3,0,0,0,3,0,1,1,0,0,0,0,2,0,3,4,4,0,0,0,0,0,0,0,0,2,2,0,0,0,0,2,2,0,0,0,0,6,0,0,0,0,0,1,357,94,3,7,345,83,181,25,159,56,73,8,188,41,79,31,314,46,31,37,2,2,5
24/11/2018,1003272,Al-Taawon,6778,Al-Ittifaq,5680,Away,1,90,11,3,3,4,0,1,5,10,5,2,2,0,0,0,0,0,0,0,4,5,6,5,0,0,4,0,0,0,3,0,0,0,3,1,4,5,4,4,0,0,0,0,0,0,0,2,0,0,0,0,2,3,0,0,0,0,2,7,0,0,0,3,0,0,358,118,2,11,350,105,135,16,213,88,61,5,165,34,122,65,308,74,42,31,0,0,3
14/03/2019,1003186,Al-Taawon,6778,Al-Fateh,6772,Home,1,90,11,2,2,1,0,0,1,8,4,0,0,0,0,0,0,0,1,0,1,1,2,3,0,0,6,1,0,0,0,1,0,0,2,0,1,1,6,3,0,0,0,0,0,0,0,1,0,0,0,0,0,1,0,0,0,0,0,4,1,0,1,1,0,0,380,124,1,8,370,113,162,13,203,100,65,3,196,37,104,71,334,67,36,46,1,1,7
02/11/2018,1003164,Al-Taawon,6778,Ohod,9624,Away,1,90,11,3,3,0,0,0,1,7,2,0,0,0,0,0,0,0,0,1,0,1,5,0,0,0,2,2,0,0,1,0,0,1,2,0,0,0,4,2,0,0,0,0,0,0,0,0,0,0,0,0,0,1,0,0,0,0,0,4,1,0,0,2,0,0,446,105,0,5,434,93,186,19,246,73,72,4,251,29,109,59,401,58,33,35,1,1,4
30/12/2018,1003218,Al-Taawon,6778,Al-Hilal,1317,Home,1,90,11,3,3,2,0,0,4,4,0,1,1,0,0,0,0,0,0,0,2,3,2,0,0,1,2,0,0,1,0,0,0,0,0,0,2,3,4,0,0,0,0,0,0,0,0,1,0,0,0,0,1,3,0,0,0,0,1,4,0,0,0,0,0,0,269,95,1,4,265,87,141,18,121,65,56,7,152,37,54,39,227,48,38,39,0,5,2
19/10/2018,1003148,Al-Taawon,6778,Al-Faisaly,6777,Away,1,90,11,3,3,4,1,1,6,10,1,0,0,0,0,0,0,1,0,0,4,5,5,0,0,1,5,1,0,0,2,0,2,2,2,0,2,4,6,1,0,0,0,0,0,0,0,4,0,0,0,0,0,5,0,0,1,0,0,6,1,0,0,3,0,0,384,89,4,6,374,79,172,16,198,63,75,6,190,27,105,46,337,48,37,31,2,3,5
14/12/2018,1003205,Al-Taawon,6778,Al-Feiha,10483,Home,1,90,11,3,3,3,1,1,5,6,3,1,1,0,0,0,0,0,0,0,3,5,4,3,0,0,2,0,1,1,2,0,1,1,2,1,1,3,2,2,0,0,0,0,0,0,0,2,0,0,0,0,1,4,0,0,0,0,1,1,3,0,0,2,0,0,366,96,2,10,344,87,169,16,168,70,64,5,205,33,68,48,316,51,28,36,0,0,7
18/10/2018,1003146,Al-Wahda,6847,Al-Feiha,10483,Home,1,90,11,3,3,2,1,0,6,4,2,0,0,0,0,0,0,1,1,0,2,5,2,1,0,1,2,1,0,1,1,0,1,1,1,2,0,4,2,0,0,0,0,0,0,0,0,1,0,0,0,0,0,3,0,0,1,0,0,1,1,0,1,0,0,1,342,99,1,6,336,80,161,23,171,54,67,6,194,29,71,42,317,53,19,27,3,1,4
02/03/2019,1003275,Al-Wahda,6847,Al-Baten,9623,Away,1,90,11,3,3,1,0,0,4,6,3,1,1,0,0,0,0,0,0,0,1,3,4,1,0,1,2,2,0,1,0,0,0,0,0,0,1,3,6,3,0,0,0,0,0,0,0,0,0,0,0,0,1,3,0,0,0,0,1,5,1,0,0,0,0,0,334,103,0,10,325,93,145,14,178,78,53,1,180,35,90,56,282,58,43,35,0,2,5
16/03/2019,1003295,Al-Wahda,6847,Al-Nassr,6780,Home,1,90,11,3,3,0,0,0,1,3,0,0,0,0,0,0,0,0,0,0,0,1,3,0,0,0,0,0,0,0,0,0,0,0,0,0,0,1,3,0,0,0,0,0,0,0,0,0,0,0,0,0,0,1,0,0,0,0,0,3,0,0,0,0,0,0,295,91,0,3,290,85,145,25,143,57,62,6,154,39,72,37,244,50,46,35,1,1,0
22/02/2019,1003270,Al-Wahda,6847,Ohod,9624,Home,1,90,11,3,3,4,1,1,8,4,1,0,0,0,0,0,0,0,0,0,4,7,3,1,0,1,1,0,0,0,1,0,0,1,0,0,4,7,3,1,0,0,0,0,0,0,0,4,0,0,0,0,0,8,0,0,0,0,0,4,0,0,0,0,0,0,364,117,4,9,359,111,167,16,187,92,64,3,207,52,83,53,307,70,52,41,3,5,1
09/02/2019,1003250,Al-Wahda,6847,Al-Raed,6773,Away,1,90,11,3,3,3,0,1,4,7,3,0,0,0,0,0,0,0,0,0,3,3,5,2,0,1,2,1,0,0,2,0,2,2,0,1,1,2,5,2,0,0,0,0,0,0,0,2,1,0,0,0,0,2,1,0,0,0,0,5,2,0,0,0,0,0,311,79,3,11,302,68,140,14,154,47,49,3,168,24,77,34,259,36,43,32,0,1,5
26/09/2018,1003130,Al-Wahda,6847,Al-Ittihad,1316,Away,1,90,11,3,3,2,1,0,2,12,3,0,0,0,0,0,0,0,2,0,2,2,5,1,0,0,7,2,1,1,1,1,1,1,1,0,0,0,10,2,0,0,0,0,0,0,0,1,0,0,0,1,0,1,0,0,0,1,0,9,0,0,2,1,0,0,353,61,2,11,345,54,171,15,171,36,86,4,173,22,83,25,306,33,39,21,1,0,3
20/12/2018,1003210,Al-Wahda,6847,Al-Faisaly,6777,Away,1,90,11,3,3,0,0,0,4,10,2,0,0,0,0,0,0,0,2,0,0,2,2,1,0,2,8,1,0,1,1,0,0,1,2,1,0,2,7,1,0,0,0,0,0,0,0,0,0,0,0,0,0,4,0,0,0,0,0,7,1,0,2,0,0,0,423,83,0,12,410,58,144,6,262,49,44,3,223,13,139,39,379,41,31,17,1,0,5
04/02/2019,1003247,Al-Wahda,6847,Al-Ittihad,1316,Home,1,90,11,3,3,0,0,0,4,3,3,1,0,1,0,1,0,0,0,0,0,1,2,0,0,3,1,3,0,0,0,0,0,1,2,1,0,3,1,2,0,0,0,0,0,0,0,0,0,0,0,0,0,3,0,0,0,0,1,2,1,0,0,0,0,0,275,106,0,5,268,91,121,24,145,65,43,3,164,44,59,42,247,61,21,30,1,0,1
22/11/2018,1003178,Al-Wahda,6847,Al-Baten,9623,Home,1,90,11,3,3,1,1,1,2,4,4,0,0,0,0,0,0,0,0,1,1,2,1,1,0,0,3,3,0,0,0,1,0,0,1,0,1,2,3,3,0,0,0,0,0,0,0,0,1,0,0,0,0,1,1,0,0,0,0,3,0,0,0,0,0,0,372,88,1,7,368,76,196,16,165,55,86,3,213,33,62,35,329,39,39,37,1,3,2
13/09/2018,1003112,Al-Wahda,6847,Al-Fateh,6772,Away,1,90,11,3,3,0,0,0,3,11,4,0,0,0,0,0,0,0,0,1,0,3,7,3,0,0,4,1,0,0,2,1,0,1,1,1,0,2,8,2,0,0,0,0,0,0,0,0,0,0,0,0,0,3,0,0,0,0,0,9,2,0,0,0,0,0,445,104,0,13,437,83,189,18,242,64,61,3,269,34,101,45,403,65,34,18,1,2,2
26/10/2018,1003157,Al-Wahda,6847,Ohod,9624,Away,1,90,11,3,3,3,1,1,4,5,4,0,0,0,0,0,1,1,0,0,2,3,2,2,1,1,3,2,0,1,1,0,1,1,3,3,2,2,1,1,0,0,0,0,0,0,0,2,0,0,1,0,0,2,1,0,1,0,0,3,2,0,0,0,0,0,275,65,1,9,270,58,141,17,124,35,52,6,166,25,47,21,250,36,20,22,1,1,4
15/02/2019,1003256,Al-Wahda,6847,Al-Shabab,6774,Away,1,90,11,3,3,0,0,0,2,6,1,0,0,0,0,0,0,1,1,0,0,0,5,1,0,2,1,0,0,0,2,1,0,0,3,0,0,2,1,0,0,0,0,0,0,0,0,0,0,0,0,0,0,1,0,0,1,0,0,2,3,0,1,0,0,0,458,100,0,6,448,84,176,18,269,65,70,5,265,25,110,53,428,65,20,19,2,2,7
13/12/2018,1003200,Al-Wahda,6847,Al-Ittifaq,5680,Away,1,90,11,3,3,1,1,0,2,5,3,1,1,0,0,0,0,0,2,0,1,2,3,0,0,0,2,3,0,1,2,0,0,0,0,0,1,1,3,3,0,0,0,0,0,0,0,0,0,0,0,0,1,1,0,0,0,0,1,1,2,0,2,0,0,0,329,96,0,4,314,83,164,24,142,56,83,5,155,44,68,30,282,61,32,22,2,3,3
28/12/2018,1003222,Al-Wahda,6847,Al-Ahli,6770,Home,1,90,11,3,3,2,1,1,4,1,1,0,0,0,0,0,1,1,0,0,1,1,0,1,1,3,1,0,0,0,0,0,0,0,0,1,2,4,1,0,0,0,0,0,0,0,0,1,0,0,1,0,0,3,0,0,1,0,0,1,0,0,0,0,0,0,185,83,1,3,181,76,58,17,120,54,24,5,98,38,56,28,157,40,24,36,1,2,3
10/01/2019,1003226,Al-Wahda,6847,Al-Fateh,6772,Home,1,90,11,3,3,1,1,1,7,8,5,1,0,1,0,1,0,1,1,1,1,5,6,2,0,2,2,3,0,1,3,0,1,1,2,0,0,5,3,5,0,0,0,0,0,0,0,1,0,0,0,0,0,4,1,0,1,0,1,3,3,0,1,1,0,0,432,105,1,13,423,82,180,17,239,64,32,4,288,32,99,45,390,55,33,27,0,5,6
08/03/2019,1003175,Al-Wahda,6847,Al-Hilal,1317,Away,1,90,11,3,3,1,0,0,2,2,0,0,0,0,0,0,0,0,0,0,1,2,2,0,0,0,0,0,0,0,2,0,1,2,0,0,0,0,0,0,0,0,0,0,0,0,0,1,0,0,0,0,0,2,0,0,0,0,0,0,2,0,0,0,0,1,192,95,1,3,189,87,93,26,95,57,44,9,105,34,39,40,174,54,15,33,1,3,2
02/12/2018,1003191,Al-Wahda,6847,Al-Nassr,6780,Away,1,90,11,3,3,2,0,1,7,6,4,0,0,0,0,0,0,0,0,0,2,6,3,2,0,1,3,2,0,0,2,0,1,3,0,1,1,4,4,3,0,0,0,0,0,0,0,2,0,0,0,0,0,6,0,0,0,1,0,4,0,0,0,1,0,0,293,90,1,9,284,74,112,16,169,56,60,5,134,26,87,41,264,42,20,32,1,2,6
01/11/2018,1003162,Al-Wahda,6847,Al-Shabab,6774,Home,1,90,11,3,3,0,0,0,1,3,4,0,0,0,0,0,0,0,1,0,0,0,2,3,0,1,1,1,0,0,2,0,0,0,0,2,0,1,1,2,0,0,0,0,0,0,0,0,0,0,0,0,0,1,0,0,0,0,0,1,1,0,1,0,0,0,435,84,0,5,424,62,151,16,267,43,56,4,246,21,116,34,378,35,46,27,2,0,7
11/11/2018,1003287,Al-Wahda,6847,Al-Hilal,1317,Home,1,90,11,3,3,0,0,0,3,5,3,0,0,0,0,0,0,1,0,0,0,2,2,2,0,1,3,1,0,1,1,1,0,0,1,1,0,2,3,1,0,0,0,0,0,0,0,0,0,0,0,0,0,1,1,0,1,0,0,4,1,0,0,0,0,0,237,88,0,7,232,72,94,16,132,53,45,4,132,26,49,38,193,39,39,33,1,4,3
30/08/2018,1003238,Al-Wahda,6847,Al-Hazm,6846,Away,1,90,11,3,3,0,0,0,5,11,3,0,0,0,0,0,0,1,2,0,0,3,6,2,0,2,5,1,0,1,2,1,0,2,1,0,0,2,8,2,0,0,0,0,0,0,0,0,0,0,0,0,0,4,0,0,1,0,0,6,1,0,2,2,0,0,474,85,0,13,460,70,230,14,221,55,83,4,270,34,98,31,422,50,38,20,1,1,4
22/09/2018,1003127,Al-Wahda,6847,Al-Raed,6773,Home,1,90,11,3,3,4,1,1,8,4,2,0,0,0,0,0,0,3,1,0,4,4,3,0,0,4,1,2,0,0,1,0,0,0,1,0,4,8,2,2,0,0,0,0,0,0,0,1,1,0,0,2,0,1,1,0,3,2,0,2,1,0,1,0,0,1,311,74,2,5,304,63,152,18,143,43,60,8,172,26,63,27,270,39,34,24,3,5,2
28/01/2019,1003106,Al-Wahda,6847,Al-Hazm,6846,Home,1,90,11,3,3,1,1,0,5,5,7,0,0,0,0,0,0,0,0,2,1,3,4,2,0,2,1,5,1,1,1,1,0,1,1,1,0,3,3,5,0,0,0,0,0,0,0,1,0,0,0,0,0,4,1,0,0,0,0,3,1,0,0,0,0,0,312,75,1,14,302,67,109,14,186,53,30,4,187,29,78,34,269,50,33,17,2,4,5
07/12/2018,1003198,Al-Wahda,6847,Al-Taawon,6778,Home,1,90,11,3,3,0,0,0,2,5,3,0,0,0,0,0,0,1,1,1,0,1,3,0,0,1,2,3,0,0,3,0,0,1,0,0,0,1,2,3,0,0,0,0,0,0,0,0,0,0,0,0,0,1,0,0,1,0,0,2,1,0,1,1,0,0,310,97,0,7,302,86,178,22,118,57,80,4,170,45,46,30,275,48,27,38,0,5,5
06/10/2018,1003143,Al-Wahda,6847,Al-Quadisiya,6775,Away,1,90,11,3,3,1,1,1,4,8,3,0,0,0,0,0,0,0,0,1,1,3,4,1,0,1,4,2,0,2,1,0,0,1,3,1,1,1,4,2,0,0,0,0,1,1,0,1,0,0,0,0,0,4,0,0,0,0,0,6,2,0,0,0,0,1,398,87,0,11,389,73,201,18,185,53,103,8,206,29,77,34,362,45,27,28,2,4,6
19/10/2018,1003150,Ohod,9624,Al-Ittihad,1316,Away,1,90,11,3,3,1,1,0,3,6,0,0,0,0,0,0,0,0,1,0,1,3,3,0,0,0,3,0,0,0,2,0,1,1,2,0,0,2,2,0,0,0,0,0,0,0,0,1,0,0,0,0,0,2,0,0,0,0,0,3,1,0,1,1,0,0,213,91,1,4,206,79,124,20,79,54,54,7,106,28,43,39,184,35,22,44,0,3,4
14/09/2018,1003118,Ohod,9624,Al-Ahli,6770,Home,1,90,11,3,3,0,0,0,4,10,2,0,0,0,0,0,0,0,0,1,0,0,5,1,0,4,5,1,0,0,3,0,0,2,2,1,0,2,5,1,0,0,0,0,0,0,0,0,0,0,0,0,0,4,0,0,0,0,0,6,4,0,0,0,0,0,302,80,0,11,295,61,148,13,144,47,71,4,155,25,66,30,272,44,23,17,1,0,5
09/03/2019,1003282,Ohod,9624,Al-Hazm,6846,Away,1,90,11,3,3,2,0,0,4,5,4,1,1,0,0,0,0,0,0,0,2,4,4,3,0,0,1,1,1,1,3,0,0,1,0,0,1,2,2,4,0,0,0,0,0,0,0,0,0,0,0,1,1,2,0,0,0,1,1,3,2,0,0,0,0,0,295,129,1,8,279,107,143,19,130,86,79,5,118,42,76,57,244,64,35,43,3,5,6
08/11/2018,1003170,Ohod,9624,Al-Hazm,6846,Home,1,90,11,3,3,3,0,0,3,8,2,2,2,0,0,0,0,0,0,0,3,3,8,1,0,0,0,1,0,0,5,0,3,3,1,0,0,0,1,2,0,0,1,0,0,0,0,1,0,0,0,0,2,1,0,0,0,0,2,5,3,0,0,0,0,0,334,101,1,9,324,83,149,21,170,61,72,5,174,31,73,45,301,60,23,23,0,3,8
11/01/2019,1003230,Ohod,9624,Al-Ahli,6770,Away,1,90,11,3,3,1,0,0,8,7,1,0,0,0,0,0,0,1,1,0,1,3,3,1,0,5,4,0,0,1,2,0,1,3,1,0,0,4,4,1,0,0,0,0,0,0,0,1,0,0,0,0,0,6,0,0,1,1,0,3,2,0,1,1,0,1,371,98,1,9,357,79,195,22,155,57,98,5,196,42,56,32,336,64,21,15,1,2,6
07/02/2019,1003253,Ohod,9624,Al-Faisaly,6777,Home,1,90,11,3,3,4,1,1,10,3,1,0,0,0,0,0,0,0,0,0,4,9,1,1,0,1,2,0,1,2,0,0,0,1,1,1,3,7,2,0,0,0,0,0,0,0,0,3,1,0,0,0,0,9,1,0,0,0,0,2,1,0,0,0,0,1,252,90,1,7,246,81,114,23,123,56,56,9,121,31,60,37,209,48,37,33,3,1,1
30/12/2018,1003221,Ohod,9624,Al-Raed,6773,Home,1,90,11,3,3,0,0,0,2,5,4,0,0,0,0,0,0,0,0,0,0,2,4,4,0,0,1,0,0,2,3,1,0,0,1,1,0,0,1,2,0,0,0,0,0,0,0,0,0,0,0,0,0,1,0,0,0,1,0,3,1,0,0,1,0,0,254,95,0,10,243,77,116,19,121,56,57,10,122,27,58,37,217,48,26,29,0,1,7
22/02/2019,1003270,Ohod,9624,Al-Wahda,6847,Away,1,90,11,3,3,1,0,0,4,6,2,0,0,0,0,0,0,0,1,0,0,2,0,0,1,2,6,2,0,0,0,0,1,1,2,1,0,3,4,1,0,0,0,0,0,0,0,1,0,0,0,0,0,4,0,0,0,0,0,5,0,0,1,0,0,1,267,114,1,8,261,101,127,30,132,67,46,6,155,51,58,40,237,59,24,42,1,4,0
17/12/2018,1003206,Ohod,9624,Al-Quadisiya,6775,Home,1,90,11,3,3,1,0,0,1,6,2,0,0,0,0,0,0,0,0,0,1,1,3,1,0,0,3,1,1,1,2,0,0,0,2,1,0,0,2,1,0,0,0,0,0,0,0,0,0,0,0,1,0,0,0,0,0,1,0,3,3,0,0,0,0,0,376,108,1,6,368,87,189,17,174,68,66,3,224,29,73,52,340,46,28,41,1,0,3
27/09/2018,1003131,Ohod,9624,Al-Ittifaq,5680,Away,1,90,11,2,2,0,0,0,4,6,5,0,0,0,0,0,0,0,0,0,0,2,3,3,0,2,3,2,0,0,1,0,0,0,3,4,0,4,2,1,0,0,0,0,0,0,0,0,0,0,0,0,0,4,0,0,0,0,0,4,1,0,0,1,0,0,352,105,0,12,347,90,152,16,191,73,73,2,181,29,89,57,318,61,29,29,1,2,3
14/02/2019,1003257,Ohod,9624,Al-Taawon,6778,Away,1,90,11,3,3,0,0,0,2,2,1,0,0,0,0,0,0,0,1,0,0,1,0,0,0,1,2,1,0,1,0,0,0,0,1,1,0,1,1,0,0,0,0,0,0,0,0,0,0,0,0,0,0,2,0,0,0,0,0,1,0,0,1,0,0,0,272,117,0,2,266,104,139,28,123,72,61,4,147,59,54,36,234,55,32,49,2,4,0
03/02/2019,1003245,Ohod,9624,Al-Ittifaq,5680,Home,1,90,11,3,3,2,1,1,5,7,2,0,0,0,0,0,0,1,1,1,1,3,4,1,1,2,3,1,0,1,0,0,1,1,1,0,1,3,6,2,0,0,0,0,0,0,0,1,0,0,0,1,0,1,2,0,1,1,0,6,0,0,1,0,0,0,199,86,0,9,189,81,84,22,97,57,36,9,80,25,65,45,158,44,31,37,0,3,5
28/02/2019,1003277,Ohod,9624,Al-Fateh,6772,Home,1,90,11,3,3,0,0,0,1,3,4,0,0,0,0,0,0,0,1,0,0,0,2,2,0,1,1,2,0,0,2,1,0,0,0,2,0,1,1,1,0,0,0,0,0,0,0,0,0,0,0,0,0,1,0,0,0,0,0,2,0,0,1,0,0,0,309,114,0,6,294,101,133,18,154,83,60,4,163,40,64,57,268,66,26,35,0,5,8
02/11/2018,1003164,Ohod,9624,Al-Taawon,6778,Home,1,90,11,3,3,1,1,1,3,1,0,0,0,0,0,0,0,0,0,0,1,2,0,0,0,1,1,0,0,0,0,0,1,2,0,0,0,1,1,0,0,0,0,0,0,0,0,1,0,0,0,0,0,2,0,0,0,0,0,1,0,0,0,0,0,0,133,89,1,3,127,86,70,21,53,58,33,5,61,29,29,45,105,47,22,39,0,0,1
12/12/2018,1003187,Ohod,9624,Al-Hilal,1317,Home,1,90,11,2,2,0,0,0,2,4,0,0,0,0,0,0,0,1,0,0,0,1,2,0,0,1,2,0,0,1,2,0,0,1,0,0,0,0,2,0,0,0,0,0,0,0,0,0,0,0,0,0,0,0,0,0,1,1,0,4,0,0,0,0,0,0,271,96,0,4,264,85,166,18,90,65,77,5,137,28,42,50,231,37,33,48,0,1,2
30/08/2018,1003105,Ohod,9624,Al-Nassr,6780,Home,1,90,11,3,3,1,0,0,4,7,3,0,0,0,0,0,0,0,0,0,1,3,4,2,0,1,3,1,0,2,2,0,0,1,2,2,0,1,3,1,0,0,0,0,1,1,0,0,0,0,0,0,0,3,1,0,0,0,0,6,1,0,0,0,0,0,180,89,0,9,172,79,91,23,76,53,53,4,72,40,42,31,146,49,26,30,0,0,6
21/09/2018,1003125,Ohod,9624,Al-Faisaly,6777,Away,1,90,11,3,3,0,0,0,3,13,4,0,0,0,0,0,0,0,0,0,0,1,9,1,0,2,4,3,0,1,4,1,0,1,2,1,0,1,7,2,0,0,0,0,0,0,0,0,0,0,0,0,0,3,0,0,0,0,0,12,1,0,0,0,0,0,278,86,0,16,265,72,110,14,152,56,41,4,139,26,82,40,234,47,31,25,0,0,9
22/11/2018,1003176,Ohod,9624,Al-Fateh,6772,Away,1,90,11,3,3,0,0,0,4,6,1,0,0,0,0,0,0,0,1,0,0,3,4,1,0,1,2,0,0,1,2,0,0,2,3,1,0,1,1,0,0,0,0,0,0,0,0,0,0,0,0,0,0,3,1,0,0,0,0,3,1,0,1,1,0,0,353,90,0,8,344,76,191,9,151,66,64,1,227,28,51,46,323,54,21,22,1,2,3
22/12/2018,1003212,Ohod,9624,Al-Feiha,10483,Away,1,90,11,2,2,0,0,0,4,7,2,0,0,0,0,0,0,0,0,0,0,3,1,1,0,1,6,1,0,1,0,0,0,2,4,0,0,1,3,2,0,0,0,0,1,1,0,0,0,0,0,0,0,3,1,0,0,0,0,5,1,0,0,1,0,0,329,105,0,10,323,93,120,20,201,71,50,5,185,41,86,43,298,60,25,33,0,3,3
26/10/2018,1003157,Ohod,9624,Al-Wahda,6847,Home,1,90,11,3,3,1,0,0,3,7,3,0,0,0,0,0,0,0,0,0,1,2,5,1,0,1,2,2,0,0,2,0,0,0,2,1,1,3,3,2,0,0,0,0,0,0,0,1,0,0,0,0,0,3,0,0,0,0,0,6,1,0,0,0,0,0,288,71,0,9,276,53,135,11,134,42,80,1,110,24,79,27,241,37,35,16,0,1,8
28/01/2019,1003235,Ohod,9624,Al-Nassr,6780,Away,1,90,11,3,3,0,0,0,0,4,1,0,0,0,0,0,0,0,0,0,0,0,2,1,0,0,2,0,0,0,1,0,0,0,1,0,0,0,2,1,0,0,0,0,0,0,0,0,0,0,0,0,0,0,0,0,0,0,0,3,1,0,0,0,0,0,255,99,0,4,251,90,140,26,106,63,59,1,138,49,49,38,232,55,19,35,1,3,2
05/10/2018,1003141,Ohod,9624,Al-Baten,9623,Home,1,90,11,3,3,0,0,0,6,13,4,0,0,0,0,0,0,1,1,0,0,5,8,4,0,1,5,0,0,3,3,1,0,2,7,2,0,1,3,1,0,0,0,0,0,0,0,0,0,0,0,0,0,4,1,0,1,0,0,7,2,0,1,2,0,0,332,106,0,16,318,83,176,24,142,57,105,7,126,36,87,38,290,61,28,22,0,3,9
06/12/2018,1003195,Ohod,9624,Al-Shabab,6774,Away,1,90,11,3,3,0,0,0,3,1,2,0,0,0,0,0,0,1,0,0,0,2,1,1,0,1,0,1,0,2,0,0,0,0,0,0,0,1,1,2,0,0,0,0,0,0,0,0,0,0,0,0,0,0,1,0,1,1,0,0,1,0,0,0,0,0,310,95,0,4,304,88,145,19,153,67,63,7,190,35,45,42,274,47,30,41,0,0,1
