Player ID,Country,Time Played,Clearance (not by head),Corner conceded,Corner Short to opp player,Corner Short to own player,Corner to Opp Player inside the box,Corner to Opp Player Outside the box,Corner to Own Player inside the box,Corner to Own Player outside the box,Cross to Opposition Player,Cross to Own Player,Defender - Clean Sheets,Defender - Goal Away,First Goal,Forced Corner,Foul Conceded,Foul Conceded - Penalty,Foul Conceded in Danger Area,Foul Won,Foul Won - Penalty,Foul Won in Danger Area,GK Ball Dropped,GK catch - from cross,GK Clean Sheet,GK Collected Ball,GK Kick_Long to opp player,GK Kick_Long to own player,GK Kick_Short to opp player,GK Kick_Short to own player,GK Punch,GK short throw to opp player,GK short throw to own player,GK Throw_ Long to opp player,GK Throw_ Long to own player,Goal Assist (Corner),Goal Assist (Cross),Goal assist (open play),Goal assist (set piece),Goal conceded from inside penalty area,Goal conceded from outside penalty area,Goal conceded from penalty,Goal conceded from Set Piece,Goal_Inside_Header,Goal_Inside_Left,Goal_Inside_Right,Goal_Outside_Left,Goal_Outside_Right,Goal_Penalty_Left,Goal_Penalty_Right,Goal_Set Piece_Right,Goal_Six Yard_Header,Goal_Six Yard_Left,Goal_Six Yard_Right,Handball Conceded,Handball Conceded - Danger Area,Handball Conceded - Penalty,Headed clearance,Interception,KEY CORNER,KEY CROSS,KEY FREE KICK,Key Pass,Last Goal,Offside,Own Goal,Own Goal Scored (Team Stat only),Saved Shot On_Inside,Saved Shot On_Outside,Saved Shot On_Set Piece,Shot Blocked_Inside_Header,Shot Blocked_Inside_Left,Shot Blocked_Inside_Right,Shot Blocked_Outside_Left,Shot Blocked_Outside_Right,Shot Blocked_Set Piece_Left,Shot Blocked_Set Piece_Right,Goals 6-yard box
215658,Saudi Arabia,1710,33,13,0,0,0,0,0,0,0,0,6,18,1,2,12,2,2,15,0,0,0,0,0,0,0,0,0,0,0,0,0,0,0,0,0,0,0,0,0,0,0,1,1,0,0,0,0,0,0,0,0,0,0,2,0,23,45,0,0,0,1,1,1,0,0,0,0,0,1,1,0,0,0,0,0,0
197721,Saudi Arabia,1686,6,1,0,0,0,0,0,0,1,1,0,0,0,1,25,0,5,14,1,0,0,0,0,0,0,0,0,0,0,0,0,0,0,0,0,0,0,0,0,0,0,0,0,0,0,0,0,0,0,0,0,0,0,0,0,5,46,0,0,0,9,0,1,0,0,0,0,0,0,0,0,0,1,0,0,0
135367,Saudi Arabia,314,1,0,0,1,2,0,0,0,7,2,0,0,0,2,8,0,0,3,0,6,0,0,0,0,0,0,0,0,0,0,0,0,0,0,0,0,0,0,0,0,0,0,0,0,0,0,0,0,0,0,0,0,0,0,0,2,4,0,1,0,4,0,2,0,0,0,0,0,0,1,0,0,0,0,0,0
442526,Saudi Arabia,1,0,0,0,0,0,0,0,0,0,0,0,0,0,0,0,0,0,0,0,0,0,0,0,0,0,0,0,0,0,0,0,0,0,0,0,0,0,0,0,0,0,0,0,0,0,0,0,0,0,0,0,0,0,0,0,0,0,0,0,0,0,0,0,0,0,0,0,0,0,0,0,0,0,0,0,0
174231,Saudi Arabia,420,12,2,0,0,0,0,0,0,0,0,0,7,0,0,2,0,5,5,0,0,0,0,0,0,0,0,0,0,0,0,0,0,0,0,0,0,0,0,0,0,0,0,0,0,0,0,0,0,0,0,0,0,0,0,0,6,6,0,0,0,1,0,0,0,0,0,0,0,1,0,0,0,0,0,0,0
35602,Jordan,540,7,2,0,0,0,0,0,0,0,0,0,0,0,0,0,0,0,1,0,0,0,2,1,7,24,19,0,9,3,0,25,1,17,0,0,0,0,6,2,2,0,0,0,0,0,0,0,0,0,0,0,0,0,0,0,0,0,0,0,0,1,0,0,0,0,10,7,1,0,0,0,0,0,0,0,0
430864,Burundi,1782,9,6,0,0,0,0,0,0,11,4,0,0,2,7,39,0,10,17,0,2,0,0,0,0,0,0,0,0,0,0,0,0,0,0,0,3,0,0,0,0,0,0,0,3,0,0,0,0,0,0,0,0,1,0,0,6,29,0,2,0,8,1,2,0,0,0,0,0,0,0,3,0,9,0,0,0
246850,Saudi Arabia,10,1,0,0,0,1,0,0,0,0,0,0,0,0,0,1,0,0,0,0,0,0,0,0,0,0,0,0,0,0,0,0,0,0,0,0,0,0,0,0,0,0,0,0,0,0,0,0,0,0,0,0,0,0,0,0,0,0,0,0,0,1,0,0,0,0,0,0,0,0,0,0,0,0,0,0,0
246850,Saudi Arabia,90,0,0,0,1,7,0,0,0,3,1,0,2,0,0,1,0,0,0,0,0,0,0,0,0,0,0,0,0,0,0,0,0,0,0,0,0,0,0,0,0,0,0,0,0,0,0,0,0,0,0,0,0,0,0,0,0,0,0,0,1,0,0,0,0,0,0,0,0,0,0,0,0,0,0,0,0
44604,Morocco,1784,0,2,1,5,12,0,9,0,100,22,0,0,2,30,61,0,3,27,0,33,0,0,0,0,0,0,0,0,0,0,0,0,0,0,5,1,0,0,0,0,0,0,1,3,0,0,0,0,0,0,1,0,5,1,0,0,2,3,4,1,28,1,22,0,0,0,0,0,0,3,5,0,3,0,0,1
422292,Saudi Arabia,283,2,1,0,0,0,0,0,0,9,2,0,5,0,1,2,0,1,1,0,2,0,0,0,0,0,0,0,0,0,0,0,0,0,0,0,0,0,0,0,0,0,0,0,0,0,0,0,0,0,0,0,0,0,0,0,2,6,0,0,0,0,0,0,0,0,0,0,0,0,0,0,0,0,0,0,0
119668,Brazil,1362,16,4,0,0,0,0,0,0,0,1,0,0,0,2,29,0,4,9,0,0,0,0,0,0,0,0,0,0,0,0,0,0,0,1,0,1,0,0,0,0,0,0,0,0,0,0,0,0,0,0,0,0,0,0,0,12,27,0,1,0,8,0,1,0,0,0,0,0,1,0,0,1,0,0,0,0
152915,Brazil,1260,10,4,0,0,0,0,0,0,37,9,1,9,0,8,12,0,4,19,0,10,0,0,0,0,0,0,0,0,0,0,0,0,0,0,0,1,0,0,0,0,0,0,0,0,0,0,0,0,0,0,0,0,0,1,0,5,12,0,3,0,4,0,4,0,0,0,0,0,0,1,1,2,1,0,0,0
110071,Saudi Arabia,1325,36,23,0,0,0,0,0,0,9,3,2,24,0,2,11,2,3,7,0,0,0,0,0,0,0,1,0,0,0,0,0,0,0,1,0,0,0,0,0,0,0,0,0,0,0,0,0,0,0,0,0,0,1,0,0,29,28,0,1,0,5,0,0,0,0,0,0,0,0,0,0,0,0,0,0,0
152796,Saudi Arabia,822,0,0,0,0,3,0,0,0,6,1,0,0,0,2,12,0,2,8,0,8,0,0,0,0,0,0,0,0,0,0,0,0,0,0,0,4,0,0,0,0,0,0,0,1,0,0,0,0,0,0,0,0,4,0,0,2,3,0,1,0,17,1,5,0,0,0,0,0,1,3,1,2,0,0,0,0
197485,Saudi Arabia,450,3,3,0,0,7,0,0,0,17,3,3,3,0,1,3,0,0,4,0,2,0,0,0,0,0,0,0,0,0,0,0,0,0,0,0,0,0,0,0,0,0,0,0,0,0,0,0,0,0,0,0,0,0,0,0,6,10,0,2,0,4,0,0,0,0,0,0,0,0,0,0,0,2,0,0,0
226105,Saudi Arabia,464,10,4,0,0,0,0,0,0,6,2,1,8,0,0,3,0,1,6,0,0,0,0,0,0,0,0,0,0,0,0,0,0,0,1,0,0,0,0,0,0,0,0,0,0,0,0,0,0,0,0,0,0,0,1,1,8,12,0,1,0,2,0,0,0,0,0,0,0,0,0,0,0,1,0,0,0
248627,Saudi Arabia,335,1,0,0,0,2,0,0,0,8,1,0,0,1,3,3,0,0,1,0,1,0,0,0,0,0,0,0,0,0,0,0,0,0,0,0,1,0,0,0,0,0,0,0,0,0,0,0,0,0,0,0,1,0,0,0,0,3,0,1,0,4,0,2,0,0,0,0,0,0,0,1,0,1,0,0,1
248478,Saudi Arabia,650,3,3,0,0,1,0,0,0,28,3,0,0,0,11,13,0,3,8,0,4,0,0,0,0,0,0,0,0,0,0,0,0,0,0,0,1,0,0,0,0,0,0,0,0,0,0,0,0,0,0,0,0,0,0,0,1,4,0,1,0,5,0,2,0,0,0,0,0,0,0,1,0,4,0,0,0
442552,Saudi Arabia,548,1,1,0,2,2,0,1,0,8,4,0,0,0,0,2,0,2,5,0,8,0,0,0,0,0,0,0,0,0,0,0,0,0,1,0,0,0,0,0,0,0,0,0,0,0,0,0,0,0,0,0,0,0,0,0,0,2,1,1,0,8,0,0,0,0,0,0,0,0,0,0,0,0,0,0,0
154075,Brazil,270,10,3,0,0,0,0,0,0,0,0,0,4,0,0,1,0,1,1,0,0,0,0,0,0,0,0,0,0,0,0,0,0,0,0,0,0,0,0,0,0,0,0,0,0,0,0,0,0,0,1,0,0,0,0,0,11,4,0,0,0,0,0,0,0,0,0,0,0,0,0,0,0,0,0,0,1
110177,Saudi Arabia,1094,16,15,0,0,0,0,0,0,20,4,4,11,0,8,7,0,3,14,0,2,0,0,0,0,0,0,0,0,0,0,0,0,0,0,2,0,0,0,0,0,0,0,0,0,0,0,0,0,0,0,0,0,0,0,0,12,32,0,0,0,4,0,0,0,0,0,0,0,0,0,1,0,0,0,0,0
104254,Brazil,1692,14,16,0,0,0,0,0,0,0,0,0,0,0,0,0,0,0,3,0,0,0,10,6,19,84,78,0,18,9,1,55,4,17,0,0,0,0,27,4,2,0,0,0,0,0,0,0,0,0,0,0,0,0,0,0,0,0,0,0,0,1,0,0,0,2,44,19,5,0,0,0,0,0,0,0,0
78100,Uruguay,1761,20,12,0,0,0,0,0,0,39,8,8,23,0,13,12,1,2,15,2,4,0,0,0,0,0,0,0,0,0,0,0,0,0,0,2,1,0,0,0,0,0,0,1,0,0,0,0,0,0,0,0,0,0,0,0,12,41,0,3,0,10,1,1,0,0,0,0,0,1,1,0,0,0,0,0,0
153932,Saudi Arabia,1506,8,6,0,0,0,0,0,0,3,1,0,0,0,2,16,1,2,11,0,1,0,0,0,0,0,0,0,0,0,0,0,0,0,0,0,0,0,0,0,0,0,0,0,0,0,0,0,0,0,0,0,0,1,0,0,3,28,0,0,0,8,0,1,0,0,0,0,0,0,1,0,0,0,0,0,0
223123,Saudi Arabia,139,1,0,0,0,0,0,0,0,0,0,0,0,0,0,1,0,0,2,0,0,0,0,0,0,0,0,0,0,0,0,0,0,0,0,0,0,0,0,0,0,0,0,0,0,0,0,0,0,0,0,0,0,0,0,0,0,4,0,0,0,1,0,0,0,0,0,0,0,0,0,0,0,0,0,0,0
195837,Saudi Arabia,526,15,7,0,0,0,0,0,0,0,0,2,5,0,1,10,0,5,5,0,0,0,0,0,0,0,0,0,0,0,0,0,0,0,0,0,0,0,0,0,0,0,0,0,0,0,0,0,0,0,0,0,0,0,0,0,20,14,0,0,0,1,0,0,0,0,0,0,0,0,0,0,0,0,0,0,0
208884,Saudi Arabia,716,3,1,0,0,1,0,1,0,11,2,0,0,2,6,13,0,6,11,0,3,0,0,0,0,0,0,0,0,0,0,0,0,0,0,0,2,0,0,0,0,0,0,2,1,0,0,0,0,0,1,0,0,0,0,0,0,4,1,2,0,3,0,3,0,0,0,0,0,0,2,0,2,1,0,0,1
248965,Eritrea,1021,2,0,0,0,0,0,0,0,1,0,0,0,2,7,23,1,0,15,1,5,0,0,0,0,0,0,0,0,0,0,0,0,0,0,0,1,0,0,0,0,0,0,1,3,0,0,0,0,0,1,0,1,2,0,0,2,5,0,0,0,5,2,13,0,0,0,0,0,0,1,2,0,2,0,0,2
83686,Saudi Arabia,185,0,0,0,0,0,0,0,0,0,0,0,0,0,1,1,0,3,2,0,0,0,0,0,0,0,0,0,0,0,0,0,0,0,0,0,1,0,0,0,0,0,0,0,0,0,0,0,0,0,0,0,0,0,0,0,0,2,0,0,0,0,0,1,0,0,0,0,0,0,0,0,0,0,0,0,0
160068,Saudi Arabia,189,1,0,0,0,0,0,0,0,0,0,0,0,0,3,1,0,0,3,2,1,0,0,0,0,0,0,0,0,0,0,0,0,0,0,0,0,0,0,0,0,0,0,0,0,0,0,0,0,0,0,0,0,0,0,0,1,2,0,0,0,5,0,0,0,0,0,0,0,0,0,1,0,0,0,0,0
444709,Saudi Arabia,127,0,1,0,0,0,0,0,0,1,3,0,0,0,2,2,0,0,3,0,1,0,0,0,0,0,0,0,0,0,0,0,0,0,0,0,0,0,0,0,0,0,0,0,0,0,0,0,0,0,0,0,0,0,0,0,0,1,0,2,0,2,0,0,0,0,0,0,0,0,0,0,0,0,0,0,0
109805,Saudi Arabia,1077,38,7,0,0,0,0,0,0,0,0,2,20,0,0,5,2,3,7,0,0,0,0,0,0,5,5,0,0,0,0,0,0,0,0,0,0,0,0,0,0,0,0,0,0,0,0,0,0,0,0,0,0,0,1,0,29,28,0,0,0,4,0,0,0,0,0,0,0,0,0,1,0,0,0,0,0
431207,Saudi Arabia,582,4,7,0,0,0,0,0,0,6,3,0,8,0,0,3,0,3,5,0,1,0,0,0,0,0,0,0,0,0,0,0,0,0,0,0,0,0,0,0,0,0,0,0,0,0,0,0,0,0,0,0,0,0,0,0,1,14,0,1,0,0,0,0,0,0,0,0,0,0,0,0,0,0,0,0,0
425191,Egypt,496,3,0,0,0,0,0,0,0,0,0,0,0,0,6,10,0,0,6,0,3,0,0,0,0,0,0,0,0,0,0,0,0,0,0,0,0,0,0,0,0,0,0,0,0,0,0,0,0,0,0,0,1,0,0,0,2,1,0,0,0,1,0,2,0,0,0,0,0,0,0,2,1,1,0,0,1
178255,Saudi Arabia,104,5,0,0,0,0,0,0,0,0,0,0,2,0,0,0,1,1,1,0,0,0,0,0,0,0,0,0,0,0,0,0,0,0,0,0,0,0,0,0,0,0,0,0,0,0,0,0,0,0,0,0,0,0,0,0,3,0,0,0,0,0,0,0,0,0,0,0,0,1,0,0,0,0,0,0,0
80307,Tunisia,572,4,0,0,0,0,0,0,0,6,1,0,0,0,3,8,0,0,3,0,0,0,0,0,0,0,0,0,0,0,0,0,0,0,0,0,0,0,0,0,0,0,0,2,0,0,0,0,0,0,0,0,0,2,0,0,3,1,0,1,0,7,1,7,0,0,0,0,0,0,2,1,0,0,0,0,0
54963,Nigeria,701,0,0,0,0,0,0,0,0,0,0,0,0,1,4,12,0,0,6,0,6,0,0,0,0,0,0,0,0,0,0,0,0,0,0,0,1,0,0,0,0,0,0,0,1,0,0,0,0,0,1,0,0,0,0,0,4,2,0,0,0,4,1,6,0,0,0,0,0,1,0,2,0,1,0,0,1
49266,Spain,1783,36,8,0,0,0,0,0,0,1,0,6,21,0,1,23,0,9,5,1,0,0,0,0,0,0,0,0,0,0,0,0,0,0,0,0,0,0,0,0,0,0,0,0,0,0,0,0,0,0,1,0,0,1,0,0,31,29,0,0,0,1,1,1,0,0,0,0,0,2,0,1,0,0,0,0,1
121292,Uruguay,1717,12,6,1,7,34,1,27,1,29,21,0,0,0,15,20,0,6,46,0,18,0,0,0,0,0,0,0,0,0,0,0,0,0,1,0,3,1,0,0,0,0,0,0,1,1,0,0,0,0,0,0,0,1,0,0,16,20,19,4,18,21,0,0,0,0,0,0,0,0,0,0,6,1,2,0,0
423624,Saudi Arabia,735,1,0,0,0,7,0,4,0,8,5,0,0,0,6,12,0,1,11,0,2,0,0,0,0,0,0,0,0,0,0,0,0,0,0,0,0,0,0,0,0,0,0,0,0,1,0,0,0,0,0,0,0,1,0,0,1,6,2,3,0,11,0,0,0,0,0,0,0,0,0,0,0,1,0,0,0
28491,Oman,1690,4,11,0,0,0,0,0,0,0,0,0,0,0,0,0,1,0,3,0,0,0,2,5,35,19,34,0,61,2,0,76,2,11,0,0,0,0,15,3,4,0,0,0,0,0,0,0,0,0,0,0,0,0,0,0,1,0,0,0,0,0,0,0,0,0,19,10,3,0,0,0,0,0,0,0,0
209867,Saudi Arabia,1044,38,22,0,0,0,0,0,0,1,1,5,15,1,1,2,0,7,10,0,0,0,0,0,0,0,0,0,0,0,0,0,0,0,0,0,0,0,0,0,0,0,0,0,1,0,0,0,0,0,0,0,0,0,0,0,21,37,0,0,0,2,0,1,0,0,0,0,0,0,1,0,0,0,0,0,0
445400,Saudi Arabia,577,4,2,0,0,0,0,0,0,4,0,0,0,0,1,9,0,2,4,0,1,0,0,0,0,0,0,0,0,0,0,0,0,0,0,0,0,0,0,0,0,0,0,0,0,0,1,0,0,0,0,0,0,1,0,0,0,19,0,0,0,5,1,0,0,0,0,0,0,0,0,1,0,2,0,0,0
168466,Saudi Arabia,451,12,4,0,0,0,0,0,0,0,0,3,3,0,0,3,0,1,1,0,0,0,0,0,0,0,0,0,0,0,0,0,0,0,0,0,0,0,0,0,0,0,0,0,0,0,0,0,0,0,0,0,0,0,0,0,8,7,0,0,0,1,0,1,0,0,0,0,0,1,0,0,0,0,0,0,0
111746,Saudi Arabia,52,0,0,0,0,1,0,0,0,8,1,0,0,0,2,1,0,0,0,0,0,0,0,0,0,0,0,0,0,0,0,0,0,0,0,0,0,0,0,0,0,0,0,0,0,0,0,0,0,0,0,0,0,0,0,0,0,1,0,0,0,0,0,0,0,0,0,0,0,0,0,1,0,0,0,0,0
111746,Saudi Arabia,179,0,1,0,0,2,0,1,0,3,1,0,0,0,3,5,0,1,4,0,1,0,0,0,0,0,0,0,0,0,0,0,0,0,0,0,0,0,0,0,0,0,0,0,0,0,0,0,0,0,0,0,0,0,0,0,1,1,1,1,0,1,0,0,0,0,0,0,0,0,0,0,0,0,0,0,0
442429,Saudi Arabia,1017,9,1,0,0,0,0,0,0,23,4,0,0,0,7,13,1,4,24,0,10,0,0,0,0,0,0,0,0,0,0,0,0,0,0,0,1,0,0,0,0,0,0,0,0,0,0,0,0,0,0,0,0,2,1,0,4,15,0,2,0,9,0,2,0,0,0,0,0,0,1,2,0,0,0,0,0
177640,Colombia,770,3,1,0,1,16,0,7,2,6,8,0,0,0,7,17,0,4,13,0,7,0,0,0,0,0,0,0,0,0,0,0,0,0,0,0,0,0,0,0,0,0,0,0,0,0,0,0,0,1,0,0,0,1,0,0,0,5,2,1,8,11,1,2,0,0,0,0,0,0,1,0,0,1,0,3,0
119654,Uruguay,1753,44,16,0,0,0,0,0,0,3,1,5,34,1,4,11,1,7,21,0,3,0,0,0,0,0,0,0,0,0,0,0,0,0,1,1,0,0,0,0,0,0,0,0,0,0,0,0,0,0,0,0,1,0,2,0,45,50,0,0,0,0,0,5,0,0,0,0,0,1,0,1,1,0,0,0,1
159496,Brazil,935,4,1,0,5,1,0,1,0,17,3,0,0,4,14,10,0,0,17,0,16,0,0,0,0,0,0,0,0,0,0,0,0,0,0,0,2,0,0,0,0,0,0,1,2,0,1,0,0,0,1,0,1,0,0,0,10,13,1,0,0,5,1,6,0,0,0,0,0,0,1,2,1,3,0,3,2
148405,Colombia,1882,5,1,0,1,11,1,3,0,33,10,0,0,2,27,17,0,4,36,0,21,0,0,0,0,0,0,0,0,0,0,0,0,0,0,0,0,0,0,0,0,0,0,3,1,0,1,0,1,0,0,0,0,3,0,0,0,8,1,3,2,17,3,6,0,0,0,0,0,0,3,4,2,4,0,1,0
214044,Saudi Arabia,630,0,6,0,0,0,0,0,0,0,0,0,0,0,0,0,0,0,0,0,0,0,1,0,12,10,11,0,19,0,0,17,0,8,0,0,0,0,14,1,2,1,0,0,0,0,0,0,0,0,0,0,0,0,0,0,0,1,0,0,0,0,0,0,0,0,14,2,2,0,0,0,0,0,0,0,0
110045,Saudi Arabia,1236,7,6,0,1,0,0,0,0,10,3,4,12,0,3,5,0,9,24,0,2,0,0,0,0,0,0,0,0,0,0,0,0,0,0,0,0,0,0,0,0,0,0,0,1,0,0,0,0,0,0,0,0,1,0,0,12,29,0,1,0,4,1,3,0,0,0,0,0,0,0,1,1,3,0,0,0
423617,Saudi Arabia,269,9,3,0,0,0,0,0,0,2,0,0,8,0,1,1,0,3,1,0,0,0,0,0,0,0,0,0,0,0,0,0,0,0,0,0,0,0,0,0,0,0,0,0,0,0,0,0,0,0,0,0,0,0,0,0,6,7,0,0,0,0,0,0,0,0,0,0,0,0,0,1,0,0,0,1,0
248599,Saudi Arabia,104,0,0,0,0,0,0,0,0,2,2,0,0,0,0,2,0,0,2,0,1,0,0,0,0,0,0,0,0,0,0,0,0,0,0,1,0,0,0,0,0,0,0,0,0,0,0,0,0,0,0,0,0,0,0,0,0,1,0,1,0,2,0,0,0,0,0,0,0,0,0,0,2,1,0,0,0
468764,Saudi Arabia,72,1,0,0,0,0,0,0,0,0,0,0,0,0,1,1,0,1,0,0,0,0,0,0,0,0,0,0,0,0,0,0,0,0,0,0,1,0,0,0,0,0,0,0,0,0,0,0,0,0,0,0,0,0,0,0,0,2,0,0,0,0,0,0,0,0,0,0,0,0,0,1,0,0,0,0,0
152063,Chile,512,5,1,0,0,1,0,0,0,3,0,0,2,0,1,8,0,2,2,0,0,0,0,0,0,0,0,0,0,0,0,0,0,0,0,0,0,0,0,0,0,0,0,0,0,0,0,0,0,0,0,0,0,0,0,0,3,9,0,0,0,2,0,0,0,0,0,0,0,0,0,0,0,0,0,0,0
209140,Saudi Arabia,1980,31,22,0,0,2,1,2,0,30,10,7,37,0,5,6,0,7,7,0,3,0,0,0,0,0,0,0,0,0,0,0,0,0,0,1,1,0,0,0,0,0,0,0,0,0,0,0,0,0,0,0,0,0,1,0,22,53,2,3,5,8,0,0,0,0,0,0,0,0,0,0,1,0,0,0,0
37782,Guinea,366,1,0,0,0,0,0,0,0,3,1,0,0,0,2,8,0,0,7,0,1,0,0,0,0,0,0,0,0,0,0,0,0,0,0,0,0,0,0,0,0,0,0,0,0,0,0,0,0,0,0,0,0,0,0,0,1,0,0,1,0,2,0,4,0,0,0,0,0,0,0,0,0,1,0,0,0
37782,Guinea,640,0,0,0,0,0,0,0,0,2,1,0,0,2,4,8,0,1,7,0,5,0,0,0,0,0,0,0,0,0,0,0,0,0,0,0,0,0,0,0,0,0,0,0,1,0,0,0,1,0,0,0,0,3,0,0,0,2,0,1,0,7,1,4,0,0,0,0,0,0,1,1,3,2,0,0,0
217624,Guinea,759,0,2,0,1,2,0,0,0,26,7,0,0,1,11,14,0,4,10,0,1,0,0,0,0,0,0,0,0,0,0,0,0,0,0,0,0,0,0,0,0,0,0,1,0,0,0,0,1,0,0,0,0,0,0,0,1,6,0,4,0,4,0,1,0,0,0,0,0,0,0,1,0,1,0,0,0
116634,Brazil,1980,35,6,0,0,1,0,0,0,5,1,0,0,0,8,33,0,3,11,0,4,0,0,0,0,0,0,0,0,0,0,0,0,0,0,0,1,0,0,0,0,0,0,0,0,0,0,0,0,0,0,0,0,0,0,0,13,39,0,0,0,12,0,2,0,0,0,0,0,0,1,2,1,0,0,0,0
217613,Tunisia,472,14,3,0,0,0,0,0,0,1,0,1,13,0,0,3,0,0,0,0,1,0,0,0,0,0,0,0,0,0,0,0,0,0,0,0,0,0,0,0,0,0,0,0,0,0,0,0,0,0,0,0,0,0,0,0,11,8,0,0,0,0,0,0,0,0,0,0,0,0,0,0,0,0,0,0,0
72175,Tunisia,90,0,0,0,0,0,0,0,0,0,0,0,2,0,0,0,0,0,0,0,0,0,0,0,0,0,0,0,0,0,0,0,0,0,0,0,0,0,0,0,0,0,0,0,0,0,0,0,0,0,0,0,0,0,0,0,1,2,0,0,0,0,0,0,0,0,0,0,0,0,0,0,0,0,0,0,0
219672,Algeria,1414,49,13,0,0,0,0,0,0,0,0,3,23,1,2,8,1,5,10,0,0,0,0,0,0,0,0,0,0,0,0,0,0,0,0,0,0,0,0,0,0,0,0,0,0,0,0,0,0,0,1,0,0,0,0,1,36,33,0,0,0,1,0,0,0,0,0,0,0,1,0,0,0,0,0,0,1
245384,Algeria,630,12,5,0,0,0,0,0,0,25,8,2,11,0,8,4,0,3,5,0,1,0,0,0,0,0,0,0,0,0,0,0,0,0,0,0,0,0,0,0,0,0,0,0,0,0,0,0,0,0,0,0,0,0,0,1,3,16,0,3,0,4,0,0,0,0,0,0,0,0,0,0,0,1,0,0,0
180278,Tunisia,2160,8,9,0,0,0,0,0,0,0,0,0,0,0,0,0,0,0,10,0,0,4,11,9,31,66,52,1,43,2,0,82,4,26,0,0,0,0,14,1,2,1,0,0,0,0,0,0,0,0,0,0,0,0,0,0,0,2,0,0,0,1,0,0,0,1,37,24,7,0,0,0,0,0,0,0,0
144015,Tunisia,1203,2,0,0,1,0,0,0,0,16,2,0,0,0,9,14,0,0,12,0,4,0,0,0,0,0,0,0,0,0,0,0,0,0,0,1,1,0,0,0,0,0,0,0,0,0,1,0,0,0,0,0,0,0,0,0,7,6,1,1,0,7,0,4,0,0,0,0,0,1,1,5,0,3,0,0,0
228373,Algeria,1751,63,14,0,0,0,0,0,0,3,1,8,8,1,4,8,0,11,44,0,1,0,0,0,0,1,0,0,0,0,0,0,0,0,0,0,1,0,0,0,0,0,0,0,0,0,1,0,0,0,0,0,0,1,1,0,34,35,0,0,3,7,1,0,0,0,0,0,0,0,0,0,0,1,0,0,0
66449,Sweden,118,0,0,0,0,3,0,1,0,1,1,0,0,0,1,1,0,0,1,0,0,0,0,0,0,0,0,0,0,0,0,0,0,0,0,0,0,0,0,0,0,0,0,0,0,0,0,0,0,0,0,0,0,0,0,0,1,2,1,0,2,2,0,0,0,0,0,0,0,0,0,0,0,0,0,0,0
182331,Brazil,1888,8,4,1,8,20,1,3,1,20,5,0,0,2,25,25,0,6,47,0,11,0,0,0,0,0,0,0,0,0,0,0,0,0,0,0,5,0,0,0,0,0,0,1,2,0,1,0,0,1,0,0,1,2,0,0,13,22,2,3,1,17,2,6,0,0,0,0,0,1,0,1,4,8,0,1,1
149498,Colombia,1350,8,11,0,0,0,0,0,0,0,0,0,0,0,1,0,0,0,4,0,0,1,1,0,18,75,48,0,22,3,0,28,1,7,0,0,0,0,25,2,4,1,0,0,0,0,0,0,0,0,0,0,0,0,0,0,1,3,0,0,0,2,0,0,0,1,29,8,4,0,0,0,0,0,0,0,0
50500,Morocco,836,2,0,0,1,0,0,0,0,3,0,0,0,0,8,19,0,2,8,0,6,0,0,0,0,0,0,0,0,0,0,0,0,0,0,0,1,0,0,0,0,0,0,1,1,0,0,0,0,0,0,0,0,0,0,0,2,6,0,0,0,5,0,3,0,0,0,0,0,0,3,2,0,0,0,0,0
14416,Morocco,720,3,0,0,6,9,0,2,0,25,6,0,0,0,5,14,0,4,11,0,2,0,0,0,0,0,0,0,0,0,0,0,0,0,0,0,0,0,0,0,0,0,0,1,0,0,0,0,0,0,0,0,0,2,0,0,0,8,2,4,1,15,0,1,0,0,0,0,0,0,1,1,0,4,0,0,0
455765,Brazil,458,1,0,0,0,3,0,5,0,22,3,0,0,0,7,2,0,0,13,0,2,0,0,0,0,0,0,0,0,0,0,0,0,0,0,0,0,0,0,0,0,0,0,0,0,0,0,0,0,0,0,0,0,0,0,0,0,2,5,1,0,10,0,3,0,0,0,0,0,0,0,0,1,0,0,0,0
100234,Brazil,1800,35,17,0,0,0,0,0,0,0,0,7,18,0,0,14,2,7,11,0,0,0,0,0,0,2,0,0,0,0,0,0,0,0,0,0,0,0,0,0,0,0,0,0,0,0,0,0,0,0,0,0,0,0,0,0,34,37,1,0,0,0,0,0,0,0,0,0,0,0,0,0,0,0,0,0,0
92991,Romania,1213,1,0,1,12,46,1,7,0,39,12,0,0,1,27,9,0,1,11,0,5,0,0,0,0,0,0,0,0,0,0,0,0,0,1,0,2,1,0,0,0,0,0,1,3,0,0,0,2,1,0,0,0,2,0,0,0,7,5,5,4,18,2,1,0,0,0,0,0,0,4,4,0,5,0,5,0
203065,Colombia,1677,5,4,0,1,0,0,0,0,20,3,0,0,4,19,13,0,2,28,1,12,0,0,0,0,0,0,0,0,0,0,0,0,0,0,1,2,0,0,0,0,0,0,0,2,0,1,0,0,0,1,1,0,0,0,0,6,12,0,0,0,19,1,7,0,0,0,0,0,1,2,6,1,4,0,0,2
61841,Brazil,1670,2,1,0,19,34,0,22,1,39,10,0,0,1,13,22,0,2,28,4,10,0,0,0,0,0,0,0,0,0,0,0,0,0,0,0,2,0,0,0,0,0,0,0,4,0,1,0,3,0,0,0,1,2,1,0,6,9,12,5,4,16,2,1,0,0,0,0,0,3,0,1,0,3,0,2,1
100412,Peru,1500,5,3,0,1,2,0,0,0,59,10,0,0,1,25,29,0,3,6,0,4,0,0,0,0,0,0,0,0,0,0,0,0,0,0,1,3,0,0,0,0,0,0,1,1,0,0,0,0,0,0,1,0,2,0,0,5,9,0,5,0,26,0,3,0,0,0,0,0,1,1,1,1,2,0,0,1
245492,Algeria,2083,7,3,0,10,21,1,18,0,33,11,0,0,1,16,12,0,2,16,1,7,0,0,0,0,0,0,0,0,0,0,0,0,0,1,0,2,0,0,0,0,0,1,0,1,0,0,1,0,0,1,0,0,0,0,0,5,11,6,4,3,28,2,6,0,0,0,0,0,1,7,3,0,2,1,0,1
49332,Tunisia,356,0,0,0,0,0,0,0,0,0,3,0,0,0,1,11,0,1,5,0,0,0,0,0,0,0,0,0,0,0,0,0,0,0,0,0,0,0,0,0,0,0,0,0,0,0,0,0,0,0,0,0,0,0,0,0,0,0,0,2,0,7,0,5,0,0,0,0,0,1,2,0,1,0,1,0,0
80629,Turkey,904,0,1,0,3,10,0,0,0,25,5,0,0,1,6,3,0,1,17,0,3,0,0,0,0,0,0,0,0,0,0,0,0,0,0,0,0,0,0,0,0,0,0,1,0,0,0,0,0,0,0,0,0,1,0,0,1,4,0,3,0,11,0,0,0,0,0,0,0,0,1,0,1,0,1,0,0
209273,Brazil,1927,9,7,0,2,25,0,8,1,27,9,0,0,1,14,38,0,7,45,3,18,0,0,0,0,0,0,0,0,0,0,0,0,0,0,0,2,0,0,0,0,0,0,0,2,0,0,0,2,0,0,0,0,0,1,0,19,14,4,2,2,25,3,3,0,0,0,0,0,1,1,2,0,4,0,0,0
52787,Brazil,2160,22,16,0,0,0,0,0,0,0,0,0,0,0,0,0,2,1,2,0,0,2,8,6,53,57,49,1,52,8,1,86,0,39,0,0,1,0,25,3,3,0,0,0,0,0,0,0,0,0,0,0,0,0,0,0,1,1,0,0,0,0,0,0,0,0,36,18,8,0,0,0,0,0,0,0,0
170431,Brazil,2062,27,10,0,0,1,0,0,0,4,4,0,0,0,4,21,0,10,9,0,0,0,0,0,0,0,0,0,0,0,0,0,0,0,0,0,1,0,0,0,0,0,0,0,0,0,0,0,0,0,0,0,0,0,1,0,16,28,0,3,0,15,0,2,0,0,0,0,0,1,1,3,0,3,0,0,0
149037,Australia,540,13,2,0,0,0,0,0,0,0,0,1,4,0,0,6,0,3,4,0,0,0,0,0,0,0,0,0,0,0,0,0,0,0,1,0,0,0,0,0,0,0,0,0,0,0,0,0,0,0,0,0,0,0,0,0,3,8,0,0,0,2,0,0,0,0,0,0,0,0,0,0,0,0,0,0,0
162870,Brazil,622,1,1,0,0,0,0,0,0,1,0,0,0,1,6,3,0,0,6,0,4,0,0,0,0,0,0,0,0,0,0,0,0,0,0,0,1,0,0,0,0,0,0,0,2,0,1,0,1,0,0,0,0,1,0,0,3,3,0,0,0,2,2,4,0,0,0,0,0,1,1,1,0,0,0,0,0
224684,Saudi Arabia,1113,8,2,0,2,3,0,0,0,9,2,0,0,0,1,15,0,3,7,0,0,0,0,0,0,0,0,0,0,0,0,0,0,0,0,0,0,0,0,0,0,0,0,1,0,0,0,0,0,0,0,0,0,1,1,0,2,13,0,0,0,7,0,0,0,0,0,0,0,0,0,0,0,2,1,0,0
84372,Portugal,295,1,2,0,1,0,0,0,0,11,3,0,0,1,2,3,0,0,0,0,0,0,0,0,0,0,0,0,0,0,0,0,0,0,0,0,1,0,0,0,0,0,0,0,1,0,0,0,0,0,0,0,0,0,0,0,1,4,0,0,0,3,0,3,0,0,0,0,0,0,1,0,0,0,0,0,0
104481,Cape Verde Islands,1055,0,2,0,1,0,0,0,0,20,5,0,0,3,21,14,0,0,15,0,12,0,0,0,0,0,0,0,0,0,0,0,0,0,0,0,3,0,0,0,0,0,0,1,4,1,0,0,2,0,0,0,5,0,0,0,4,5,0,3,0,16,4,5,0,0,0,0,0,0,1,2,0,1,0,0,5
149783,Algeria,2160,19,24,0,0,0,0,0,0,0,0,0,0,0,1,0,0,1,7,0,0,3,11,6,32,95,53,1,54,21,0,82,2,17,0,0,0,0,34,3,3,0,0,0,0,0,0,0,0,0,0,0,0,0,0,0,1,1,0,0,0,1,0,0,0,0,47,28,7,0,0,0,0,0,0,0,0
131957,Australia,2025,10,15,0,0,0,0,0,0,0,0,0,0,0,0,0,0,0,1,0,0,0,10,6,38,115,68,0,46,5,0,82,3,32,0,0,0,0,28,4,4,1,0,0,0,0,0,0,0,0,0,0,0,0,0,0,1,0,0,0,0,0,0,0,0,1,46,27,3,0,0,0,0,0,0,0,0
155313,Chile,1629,30,9,0,0,0,0,0,0,3,0,4,23,0,3,17,1,8,20,0,2,0,0,0,0,0,0,0,0,0,0,0,0,0,0,0,0,0,0,0,0,0,0,0,0,0,0,0,0,0,0,0,0,2,0,0,35,39,0,0,0,6,0,1,0,0,0,0,0,0,0,0,0,3,0,0,0
240847,Burkina Faso,143,0,1,0,0,0,0,0,0,1,1,0,0,0,1,0,0,0,0,0,0,0,0,0,0,0,0,0,0,0,0,0,0,0,0,0,0,0,0,0,0,0,0,0,0,0,0,0,0,0,0,0,0,0,0,0,1,0,0,0,0,1,0,1,0,0,0,0,0,1,0,1,0,0,0,0,0
39242,Morocco,1708,6,4,0,1,2,0,0,0,15,2,0,0,0,10,40,0,3,13,0,8,0,0,0,0,0,0,0,0,0,0,0,0,0,0,0,1,0,0,0,0,0,0,0,0,0,0,0,0,0,0,0,0,1,1,0,6,17,0,0,0,10,0,0,0,0,0,0,0,0,0,1,0,7,0,0,0
46345,Belgium,884,3,1,0,0,2,0,0,0,23,10,0,0,0,14,4,0,0,10,0,2,0,0,0,0,0,0,0,0,0,0,0,0,0,0,0,1,0,0,0,0,0,0,0,0,0,0,0,0,0,0,1,0,0,0,0,0,8,0,5,2,5,0,4,0,0,0,0,0,0,4,2,0,4,0,1,1
112248,Saudi Arabia,719,8,0,0,0,0,0,0,0,3,3,0,0,0,2,6,1,0,6,0,3,0,0,0,0,0,0,0,0,0,0,0,0,0,0,0,0,0,0,0,0,0,0,0,0,0,0,0,0,0,0,0,0,1,0,0,1,2,0,2,0,3,0,7,0,0,0,0,0,0,0,3,0,1,0,0,0
166418,Brazil,805,11,8,0,1,1,0,0,0,21,8,2,5,0,2,7,1,1,13,0,4,0,0,0,0,0,0,0,0,0,0,0,0,0,0,1,0,0,0,0,0,0,0,0,0,0,0,0,0,0,0,0,0,1,0,0,5,13,0,5,1,3,0,2,0,0,0,0,0,0,0,0,1,0,0,0,0
182180,Brazil,2070,56,29,0,0,0,0,0,0,3,0,2,35,1,4,12,1,11,34,0,3,0,0,0,0,1,2,0,0,0,0,0,0,0,0,0,0,0,0,0,0,0,1,0,0,0,0,0,3,0,0,0,0,0,0,0,55,67,0,0,0,4,2,0,0,0,0,0,0,0,0,0,0,1,0,0,0
116296,Kuwait,1852,11,5,0,2,11,0,10,0,3,3,0,0,0,9,15,0,2,17,0,3,0,0,0,0,0,0,0,0,0,0,0,0,0,0,0,2,1,0,0,0,0,0,0,0,0,0,0,0,3,0,0,0,0,0,0,22,24,7,1,4,11,0,1,0,0,0,0,0,0,1,2,0,1,0,2,0
111768,Saudi Arabia,1528,3,1,0,1,10,0,2,0,39,4,0,0,1,24,19,0,2,18,2,14,0,0,0,0,0,0,0,0,0,0,0,0,0,0,0,2,0,0,0,0,0,0,1,7,0,0,0,1,0,0,0,0,4,0,0,0,2,1,3,1,17,4,16,0,0,0,0,0,0,0,9,0,3,0,0,0
423633,Saudi Arabia,4,0,0,0,0,0,0,0,0,1,0,0,0,0,0,0,0,0,0,0,0,0,0,0,0,0,0,0,0,0,0,0,0,0,0,0,0,0,0,0,0,0,0,0,0,0,0,0,0,0,0,0,0,0,0,0,0,0,0,0,0,0,0,0,0,0,0,0,0,0,0,0,0,0,0,0,0
423633,Saudi Arabia,72,0,0,0,0,0,0,0,0,3,0,0,0,0,0,0,0,0,1,0,0,0,0,0,0,0,0,0,0,0,0,0,0,0,0,0,1,0,0,0,0,0,0,0,0,0,0,0,0,0,0,0,0,0,0,0,0,0,0,0,0,2,0,0,0,0,0,0,0,0,0,0,0,1,0,0,0
109765,Saudi Arabia,961,6,5,0,0,0,0,0,0,18,2,0,0,2,8,20,0,7,9,0,2,0,0,0,0,0,0,0,0,0,0,0,0,0,0,0,1,0,0,0,0,0,0,0,3,0,0,0,0,0,0,0,0,1,0,0,4,8,0,0,0,3,2,1,0,0,0,0,0,0,0,1,0,3,0,1,0
432973,Saudi Arabia,364,0,0,0,1,3,1,4,0,12,3,0,0,0,5,6,0,2,5,0,3,0,0,0,0,0,0,0,0,0,0,0,0,0,0,1,2,0,0,0,0,0,1,0,0,0,0,0,0,0,0,0,0,1,0,0,1,3,3,0,0,4,0,0,0,0,0,0,0,0,1,0,2,2,0,0,0
223624,Saudi Arabia,517,1,0,0,0,0,0,0,0,22,6,0,1,0,10,13,0,4,1,0,0,0,0,0,0,0,0,0,0,0,0,0,0,0,0,1,0,0,0,0,0,0,0,0,0,0,0,0,0,0,0,0,0,0,0,0,2,9,0,2,0,3,0,2,0,0,0,0,0,0,1,0,1,0,0,0,0
109956,Saudi Arabia,145,2,1,0,0,0,0,0,0,2,1,0,0,0,1,4,0,0,0,0,0,0,0,0,0,0,0,0,0,0,0,0,0,0,0,0,0,0,0,0,0,0,0,0,0,0,0,0,0,0,0,0,0,0,0,0,0,2,0,1,0,1,0,1,0,0,0,0,0,0,0,0,0,0,0,0,0
197483,Saudi Arabia,135,0,1,0,0,0,0,0,0,0,0,0,0,0,0,0,0,0,2,0,0,1,0,0,4,7,5,0,3,0,0,3,0,4,0,0,0,0,3,0,0,0,0,0,0,0,0,0,0,0,0,0,0,0,0,0,0,0,0,0,0,0,0,0,0,0,6,4,1,0,0,0,0,0,0,0,0
109917,Saudi Arabia,1012,6,7,0,0,3,0,2,0,15,2,3,8,0,5,7,0,1,4,0,0,0,0,0,0,0,0,0,0,0,0,0,0,0,0,0,1,0,0,0,0,0,0,0,0,0,0,0,0,0,0,0,0,0,0,0,5,26,2,1,0,5,0,1,0,0,0,0,0,0,0,1,0,0,0,0,0
194390,Saudi Arabia,1133,11,6,0,0,0,0,0,0,3,1,0,0,1,0,10,0,6,12,0,1,0,0,0,0,0,0,0,0,0,0,0,0,0,0,0,0,0,0,0,0,0,0,1,0,0,0,0,0,0,0,0,0,0,0,0,3,16,0,0,0,3,0,0,0,0,0,0,0,0,0,0,0,1,0,0,0
154308,Brazil,235,1,0,0,1,0,0,0,0,3,0,0,0,0,1,5,0,1,4,0,1,0,0,0,0,0,0,0,0,0,0,0,0,0,0,0,0,0,0,0,0,0,0,0,0,0,0,0,0,0,0,0,0,0,0,0,0,1,0,0,0,5,0,2,0,0,0,0,0,0,0,0,0,0,0,0,0
169018,Ghana,403,3,2,0,0,0,0,0,0,0,0,0,0,0,0,9,0,3,6,0,1,0,0,0,0,0,0,0,0,0,0,0,0,0,0,0,0,0,0,0,0,0,0,0,0,0,0,0,0,0,0,0,0,1,0,0,0,4,0,0,1,2,0,0,0,0,0,0,0,0,0,0,0,0,0,0,0
109801,Saudi Arabia,1440,5,8,0,0,0,0,0,0,0,0,0,0,0,0,0,0,0,5,0,0,0,9,6,19,50,39,0,41,3,0,66,2,18,0,0,0,0,16,1,2,0,0,0,0,0,0,0,0,0,0,0,0,0,0,0,1,0,0,0,0,0,0,0,0,0,26,22,3,0,0,0,0,0,0,0,0
195431,Saudi Arabia,1334,31,12,0,0,0,0,0,0,45,11,2,18,0,6,8,0,6,8,0,0,0,0,0,0,0,0,0,0,0,0,0,0,0,0,0,2,0,0,0,0,0,0,0,0,0,0,0,0,0,0,0,1,0,0,0,11,18,0,6,0,2,0,2,0,0,0,0,0,0,0,0,0,0,0,0,1
112552,Saudi Arabia,513,23,7,0,0,0,0,0,0,0,0,1,7,0,0,1,1,4,3,0,0,0,0,0,0,0,0,0,0,0,0,0,0,0,0,0,0,0,0,0,0,0,0,0,0,0,0,0,0,0,0,0,0,0,0,0,18,12,0,0,0,0,0,0,0,0,0,0,0,0,0,0,0,0,0,0,0
250793,Saudi Arabia,100,0,0,0,0,0,0,0,0,0,0,0,0,0,2,0,0,0,0,0,0,0,0,0,0,0,0,0,0,0,0,0,0,0,0,0,0,0,0,0,0,0,0,0,0,0,0,0,0,0,0,0,0,0,0,0,0,0,0,0,0,1,0,0,0,0,0,0,0,0,1,0,0,0,0,0,0
151548,Ecuador,615,6,3,0,3,5,0,4,1,9,4,0,0,0,5,8,1,1,12,0,0,0,0,0,0,0,0,0,0,0,0,0,0,0,0,0,0,1,0,0,0,0,0,0,0,0,0,0,0,0,0,0,0,0,0,0,1,13,2,0,4,3,0,0,0,0,0,0,0,0,0,1,1,0,0,1,0
58888,Brazil,834,2,0,0,0,0,0,0,0,0,1,0,0,1,5,14,0,1,5,0,5,0,0,0,0,0,0,0,0,0,0,0,0,0,0,0,0,0,0,0,0,0,0,0,1,0,0,0,0,0,0,0,1,0,0,0,6,3,0,0,0,3,0,6,0,0,0,0,0,2,0,1,0,0,0,0,1
152200,Chile,1165,9,2,0,0,0,0,0,0,2,2,0,0,2,6,28,0,2,20,1,8,0,0,0,0,0,0,0,0,0,0,0,0,0,0,0,3,0,0,0,0,0,1,0,0,0,0,0,1,0,0,1,0,5,0,0,10,3,0,2,0,20,1,5,0,0,0,0,0,0,0,3,1,1,0,0,1
470146,Saudi Arabia,45,0,0,0,0,0,0,0,0,2,0,0,0,0,0,0,0,0,1,0,0,0,0,0,0,0,0,0,0,0,0,0,0,0,0,0,0,0,0,0,0,0,0,0,0,0,0,0,0,0,0,0,0,0,0,0,0,0,0,0,0,0,0,0,0,0,0,0,0,0,0,0,0,0,0,0,0
228488,Morocco,212,0,0,0,0,4,0,0,0,4,2,0,0,1,3,3,0,3,7,0,3,0,0,0,0,0,0,0,0,0,0,0,0,0,0,0,0,0,0,0,0,0,0,0,0,1,0,0,0,0,0,0,0,0,0,0,0,3,0,1,0,4,0,2,0,0,0,0,0,0,1,0,0,0,0,0,0
57185,Romania,1980,45,19,0,0,0,0,0,0,3,3,9,13,0,2,9,0,8,13,0,0,0,0,0,0,5,1,0,0,0,0,0,0,0,0,0,0,0,0,0,0,0,0,0,0,0,0,0,0,0,1,0,0,1,1,0,26,47,0,2,1,4,0,2,1,0,0,0,0,1,0,0,0,1,0,0,1
119228,Cape Verde Islands,397,0,0,0,0,4,1,2,0,5,1,0,0,0,4,6,0,0,4,0,3,0,0,0,0,0,0,0,0,0,0,0,0,0,0,0,0,0,0,0,0,0,0,0,0,0,0,0,0,0,0,0,0,1,0,0,0,1,2,0,0,2,0,3,0,0,0,0,0,0,0,1,0,2,0,1,0
124181,Cape Verde Islands,1302,51,14,0,0,0,0,0,0,2,0,1,23,0,1,7,0,4,3,0,0,0,0,0,0,0,0,0,0,0,0,0,0,0,1,0,0,0,0,0,0,0,0,0,0,0,0,0,0,0,0,0,0,0,0,0,44,38,0,0,0,1,0,0,0,0,0,0,0,3,0,0,0,0,0,0,0
40283,Italy,182,0,0,0,2,10,0,4,0,2,1,0,0,1,6,2,0,0,2,0,4,0,0,0,0,0,0,0,0,0,0,0,0,0,0,0,1,0,0,0,0,0,0,1,2,0,0,0,0,0,0,0,0,0,0,0,0,0,2,0,1,4,1,2,0,0,0,0,0,0,0,0,2,3,0,0,0
61134,Brazil,2150,3,1,0,15,36,0,15,0,24,9,0,0,2,23,9,0,2,14,0,3,0,0,0,0,0,0,0,0,0,0,0,0,0,0,0,3,0,0,0,0,0,0,1,3,0,1,0,0,0,0,0,1,1,0,0,3,14,11,1,5,35,1,2,0,0,0,0,0,0,1,7,2,4,0,1,2
37998,France,1939,4,4,0,0,0,0,0,0,3,0,0,0,5,12,18,0,0,13,2,4,0,0,0,0,0,0,0,0,0,0,0,0,0,1,0,6,0,0,0,0,0,2,1,7,0,0,0,4,0,0,3,0,1,0,0,5,1,0,0,0,12,3,20,0,0,0,0,0,1,2,8,0,2,0,0,3
201918,Argentina,1873,3,2,0,0,6,0,10,0,12,3,0,0,5,11,23,0,1,6,0,7,0,0,0,0,0,0,0,0,0,0,0,0,0,1,1,1,0,0,0,0,0,0,5,2,1,0,2,0,0,1,1,2,1,0,0,5,11,6,1,0,23,3,6,0,0,0,0,0,0,4,1,11,2,3,0,4
15739,Ivoire,965,4,4,0,0,0,0,0,0,3,1,0,0,0,1,10,0,2,5,0,0,0,0,0,0,0,0,0,0,0,0,0,0,0,0,0,0,0,0,0,0,0,0,0,0,0,0,0,0,0,0,0,0,0,0,0,6,18,0,1,0,10,0,0,0,0,0,0,0,0,0,0,0,3,0,0,0
56451,Argentina,462,2,0,0,1,12,0,4,0,2,1,0,0,0,0,5,0,0,20,0,2,0,0,0,0,0,0,0,0,0,0,0,0,0,0,0,0,0,0,0,0,0,0,0,0,0,1,0,0,0,0,0,0,2,0,0,0,6,3,1,1,4,1,0,0,0,0,0,0,0,0,0,0,1,0,0,0
180274,Saudi Arabia,772,1,2,0,0,0,0,0,0,2,0,0,0,0,3,15,0,2,4,0,9,0,0,0,0,0,0,0,0,0,0,0,0,0,0,0,1,0,0,0,0,0,0,0,0,0,0,0,1,0,0,0,0,2,0,0,6,5,0,0,0,2,1,9,0,0,0,0,0,0,0,2,1,0,0,0,0
149859,Morocco,1657,6,1,0,0,0,0,0,0,3,0,0,0,9,15,26,0,1,10,4,12,0,0,0,0,0,0,0,0,0,0,0,0,0,0,0,6,0,0,0,0,0,4,2,6,0,0,0,5,1,1,2,0,2,0,0,7,2,0,0,0,23,10,10,0,0,0,0,0,1,5,4,1,3,0,1,3
197815,Saudi Arabia,317,3,3,0,0,0,0,0,0,9,6,0,5,0,6,7,0,0,7,2,4,0,0,0,0,0,0,0,0,0,0,0,0,0,0,1,0,0,0,0,0,0,0,0,0,0,0,0,0,0,0,0,0,0,0,0,2,8,0,2,0,1,0,0,0,0,0,0,0,0,0,1,0,0,0,0,0
248603,Saudi Arabia,1775,33,33,0,0,0,0,0,0,69,16,6,26,0,18,18,0,21,21,0,1,0,0,0,0,0,0,0,0,0,0,0,0,0,0,1,1,0,0,0,0,0,1,1,0,0,0,0,0,0,0,0,0,1,0,0,25,51,0,6,0,7,0,0,0,0,0,0,0,0,0,0,0,0,0,0,0
177809,Saudi Arabia,900,7,5,0,0,0,0,0,0,28,5,4,7,0,10,10,0,6,15,0,1,0,0,0,0,1,0,0,0,0,0,0,0,0,0,0,1,0,0,0,0,0,0,0,0,1,0,0,0,0,0,0,0,0,0,0,9,12,0,2,0,0,0,0,0,0,0,0,0,0,0,1,1,2,0,0,0
441306,Saudi Arabia,8,0,0,0,0,0,0,0,0,0,0,0,0,0,0,1,0,0,0,0,0,0,0,0,0,0,0,0,0,0,0,0,0,0,0,0,0,0,0,0,0,0,0,0,0,0,0,0,0,0,0,0,0,0,0,0,0,1,0,0,0,0,0,0,0,0,0,0,0,0,0,0,0,1,0,0,0
464033,Saudi Arabia,232,2,1,0,0,0,0,0,0,1,0,0,0,0,0,3,0,1,3,0,5,0,0,0,0,0,0,0,0,0,0,0,0,0,0,0,0,0,0,0,0,0,0,0,0,0,0,0,0,0,0,0,0,0,0,0,2,1,0,0,0,5,0,1,0,0,0,0,0,0,0,0,0,0,0,0,0
454757,Morocco,1815,2,3,0,0,1,0,0,0,30,12,0,0,1,30,19,0,5,18,2,10,0,0,0,0,0,0,0,0,0,0,0,0,0,0,2,2,0,0,0,0,0,1,0,1,0,0,0,0,0,0,0,2,0,0,0,2,13,0,4,0,14,2,3,0,0,0,0,0,1,2,9,2,3,0,0,2
445901,Saudi Arabia,1472,2,0,0,0,0,0,0,0,9,1,0,0,2,10,38,0,1,9,0,7,0,0,0,0,0,0,0,0,0,0,0,0,0,0,0,3,0,0,0,0,0,0,1,3,1,0,0,0,0,0,1,0,0,0,0,2,2,0,1,0,9,2,22,0,0,0,0,0,0,1,5,0,0,0,0,1
88945,Macedonia,1580,6,5,0,7,17,1,9,0,29,7,0,0,1,9,12,0,2,30,1,18,0,0,0,0,0,0,0,0,0,0,0,0,0,0,0,1,0,0,0,0,0,0,1,0,0,0,0,0,1,0,0,0,1,0,0,6,18,7,0,4,9,0,0,0,0,0,0,0,0,1,1,0,3,0,1,0
197500,Saudi Arabia,535,0,1,0,1,0,0,0,0,4,0,0,0,0,2,10,0,5,11,0,3,0,0,0,0,0,0,0,0,0,0,0,0,0,0,0,3,0,0,0,0,0,0,0,1,0,0,0,0,0,0,1,1,1,0,0,0,6,0,0,0,11,0,3,0,0,0,0,0,0,1,0,0,4,0,0,2
109729,Saudi Arabia,146,0,0,0,0,0,0,0,0,0,0,0,0,0,0,0,0,0,1,0,2,0,0,0,0,0,0,0,0,0,0,0,0,0,0,0,0,0,0,0,0,0,0,0,0,0,0,0,0,0,0,0,0,0,0,0,0,0,0,0,0,2,0,2,0,0,0,0,0,0,0,0,0,0,0,0,0
215225,Saudi Arabia,185,1,0,0,0,0,0,0,0,3,0,0,0,0,2,3,0,1,11,0,1,0,0,0,0,0,0,0,0,0,0,0,0,0,0,0,0,0,0,0,0,0,0,0,0,1,0,0,0,0,0,0,0,0,0,0,0,1,0,0,0,1,0,2,0,0,0,0,0,1,0,1,0,0,0,0,0
122482,Saudi Arabia,940,3,5,0,0,0,0,0,0,26,15,0,13,0,4,7,1,4,6,0,4,0,0,0,0,0,0,0,0,0,0,0,0,0,0,0,0,0,0,0,0,0,0,0,0,0,0,0,0,0,0,0,0,0,0,0,3,19,0,10,0,5,0,0,0,0,0,0,0,0,0,0,0,0,0,0,0
109943,Saudi Arabia,506,7,6,0,0,0,0,0,0,19,7,1,4,0,3,6,0,2,4,0,1,0,0,0,0,0,0,0,0,0,0,0,0,0,0,0,0,0,0,0,0,0,0,0,0,0,0,0,0,0,0,0,0,0,0,0,3,7,0,1,0,3,0,1,0,0,0,0,0,0,0,0,1,0,0,0,0
109943,Saudi Arabia,375,3,1,0,0,0,0,1,0,15,4,0,5,0,5,6,0,1,1,0,2,0,0,0,0,0,0,0,0,0,0,0,0,0,0,0,1,0,0,0,0,0,0,0,0,0,0,0,0,0,0,0,0,0,0,0,2,9,1,1,0,7,0,0,0,0,0,0,0,0,0,2,1,2,0,1,0
241046,Saudi Arabia,59,0,0,0,0,0,0,0,0,0,0,0,0,0,2,2,0,0,1,0,0,0,0,0,0,0,0,0,0,0,0,0,0,0,0,0,0,0,0,0,0,0,0,0,0,0,0,0,0,0,0,0,1,0,0,0,0,2,0,0,0,0,1,0,0,0,0,0,0,0,0,0,0,1,0,0,1
114340,Saudi Arabia,700,6,1,0,1,3,0,2,0,9,3,0,3,0,2,8,0,3,7,0,3,0,0,0,0,0,0,0,0,0,0,0,0,0,0,0,0,0,0,0,0,0,0,0,0,0,0,0,0,0,0,0,0,2,0,0,1,11,0,3,0,3,0,4,0,0,0,0,0,0,0,0,0,0,0,0,0
222212,Saudi Arabia,737,13,8,0,0,0,0,0,0,0,0,0,1,0,1,11,0,13,4,0,0,0,0,0,0,0,0,0,0,0,0,0,0,0,0,0,0,0,0,0,0,0,0,0,0,0,0,0,0,0,0,0,0,1,1,0,12,12,0,0,0,3,0,0,0,0,0,0,0,0,0,0,0,2,0,0,0
109811,Saudi Arabia,135,0,0,0,0,1,0,0,0,0,0,0,0,0,0,6,0,0,2,0,2,0,0,0,0,0,0,0,0,0,0,0,0,0,0,0,0,0,0,0,0,0,0,0,0,0,0,0,0,0,0,0,0,0,0,0,0,2,0,0,0,1,0,1,0,0,0,0,0,0,0,0,0,1,0,0,0
109811,Saudi Arabia,947,0,1,0,9,5,1,2,0,19,5,0,0,1,13,24,0,4,11,0,7,0,0,0,0,0,0,0,0,0,0,0,0,0,0,0,1,0,0,0,0,0,0,0,0,1,0,0,0,0,0,0,0,0,0,0,0,12,0,1,1,13,1,3,0,0,0,0,0,0,3,5,3,2,0,0,0
154073,Saudi Arabia,344,1,0,0,0,0,0,0,0,0,0,0,0,1,3,2,0,0,2,0,2,0,0,0,0,0,0,0,0,0,0,0,0,0,0,0,2,0,0,0,0,0,1,0,0,0,0,0,0,0,0,0,0,0,0,0,1,0,0,0,0,2,0,5,0,0,0,0,0,0,0,0,0,0,0,0,0
432578,Saudi Arabia,114,0,0,0,0,0,0,0,0,0,0,0,0,0,0,1,1,1,1,0,0,0,0,0,0,0,0,0,0,0,0,0,0,0,0,0,0,0,0,0,0,0,0,0,1,0,0,0,0,0,0,0,0,0,0,0,0,1,0,0,0,0,1,0,0,0,0,0,0,0,0,0,0,0,0,0,0
109888,Saudi Arabia,936,3,1,0,5,7,0,0,0,19,3,0,0,1,7,6,0,2,23,2,9,0,0,0,0,0,0,0,0,0,0,0,0,0,0,0,1,0,0,0,0,0,0,0,0,0,0,0,0,0,1,0,1,0,0,0,0,10,0,0,2,12,1,2,0,0,0,0,0,0,0,0,0,0,0,0,2
206254,0,23,0,0,0,0,0,0,0,0,0,0,0,0,0,3,0,0,0,1,0,0,0,0,0,0,0,0,0,0,0,0,0,0,0,0,0,0,0,0,0,0,0,0,0,0,0,0,0,0,0,0,0,0,0,0,0,0,0,0,0,0,0,0,0,0,0,0,0,0,0,0,0,0,0,0,0,0
191751,Saudi Arabia,619,18,5,0,0,0,0,0,0,0,0,2,7,1,1,5,0,2,3,0,0,0,0,0,0,0,1,0,0,0,0,0,0,0,0,0,0,0,0,0,0,0,1,0,0,0,0,0,0,0,0,0,0,0,0,0,8,7,0,0,0,3,0,0,0,0,0,0,0,0,0,0,0,0,0,0,0
464076,Saudi Arabia,205,3,4,0,0,0,0,0,0,6,0,1,1,0,0,3,0,1,3,0,0,0,0,0,0,0,0,0,0,0,0,0,0,0,0,0,0,0,0,0,0,0,0,0,0,0,0,0,0,0,0,0,0,0,0,0,4,2,0,0,0,0,0,0,0,0,0,0,0,0,0,0,0,0,0,0,0
13083,Saudi Arabia,990,18,13,0,1,21,0,9,0,39,13,2,21,0,8,5,1,4,14,0,2,0,0,0,0,0,0,0,0,0,0,0,0,0,0,0,0,1,0,0,0,0,0,0,0,0,0,1,0,0,0,0,0,0,0,0,12,26,7,4,7,3,0,2,0,0,0,0,0,0,0,0,0,0,0,0,0
13083,Saudi Arabia,90,0,0,0,0,0,0,0,0,3,1,0,2,0,2,1,0,1,0,0,0,0,0,0,0,0,0,0,0,0,0,0,0,0,0,0,0,0,0,0,0,0,0,0,0,0,0,0,0,0,0,0,0,0,0,0,1,2,0,0,1,0,0,0,0,0,0,0,0,0,0,0,0,0,0,0,0
185439,Egypt,1841,24,24,0,0,0,0,0,0,24,7,4,36,1,9,20,0,9,30,0,6,0,0,0,0,0,0,0,0,0,0,0,0,0,0,1,0,0,0,0,0,0,1,0,1,0,0,0,0,0,0,0,0,2,0,0,23,47,0,3,0,7,0,0,0,0,0,0,0,0,1,0,0,0,0,0,0
50412,Trinidad and Tobago,2067,18,4,0,0,0,0,0,0,5,3,0,0,0,1,25,0,9,22,0,2,0,0,0,0,0,0,0,0,0,0,0,0,0,0,1,1,0,0,0,0,0,0,0,0,0,0,0,0,0,0,0,0,0,0,0,12,21,0,1,0,14,0,0,0,0,0,0,0,0,0,0,3,2,0,0,0
84629,Cape Verde Islands,1909,4,1,1,11,14,1,4,0,79,21,0,0,2,38,24,0,5,12,1,26,0,0,0,0,0,0,0,0,0,0,0,0,0,0,0,6,0,0,0,0,0,0,1,4,0,0,0,3,0,0,0,1,1,0,0,1,18,0,10,2,12,3,15,0,0,0,0,0,1,4,3,1,3,0,1,1
232318,Saudi Arabia,586,17,10,0,0,0,0,0,0,21,3,0,14,0,2,3,0,7,9,0,0,0,0,0,0,0,0,0,0,0,0,0,0,0,0,0,0,0,0,0,0,0,0,0,0,0,0,0,0,0,0,0,0,1,0,0,3,11,0,1,0,2,0,1,0,0,0,0,0,0,1,0,1,0,0,0,0
470014,Saudi Arabia,68,0,0,1,0,0,0,0,0,1,1,0,0,0,0,2,0,0,0,0,1,0,0,0,0,0,0,0,0,0,0,0,0,0,0,0,0,0,0,0,0,0,0,0,0,0,0,0,0,0,0,0,0,1,0,0,0,1,0,0,0,3,0,1,0,0,0,0,0,0,1,0,0,0,0,0,0
112220,Saudi Arabia,1820,20,13,0,12,13,0,5,0,37,22,5,24,0,9,24,0,17,8,1,2,0,0,0,0,0,0,0,0,0,0,0,0,0,1,0,3,0,0,0,0,0,0,0,0,0,0,0,0,0,0,0,0,1,1,0,9,33,2,9,11,8,0,0,0,0,0,0,0,0,1,0,0,0,0,0,0
110189,Saudi Arabia,634,4,3,0,0,0,0,0,0,2,1,1,2,0,3,10,0,3,17,0,1,0,0,0,0,0,0,0,0,0,0,0,0,0,0,0,0,0,0,0,0,0,0,0,0,0,0,0,0,0,0,0,0,0,0,0,1,16,0,0,0,2,0,0,0,0,0,0,0,0,0,0,0,1,0,0,0
442535,Saudi Arabia,614,6,2,0,0,0,0,0,0,3,0,0,0,0,0,8,0,1,10,0,4,0,0,0,0,0,0,0,0,0,0,0,0,0,0,0,0,0,0,0,0,0,0,0,0,0,0,0,0,0,0,0,1,1,0,0,0,11,0,0,0,6,1,0,0,0,0,0,0,0,0,0,0,0,0,0,1
81347,Nigeria,290,0,0,0,0,0,0,0,0,1,1,0,0,0,7,0,0,0,5,0,0,0,0,0,0,0,0,0,0,0,0,0,0,0,0,0,0,0,0,0,0,0,0,0,0,1,0,0,0,0,0,1,0,1,0,0,1,2,0,0,0,4,1,1,0,0,0,0,0,0,1,1,0,3,0,0,1
96198,Brazil,1879,55,15,0,0,0,0,0,0,3,0,5,29,0,1,13,0,4,20,0,1,0,0,0,0,3,2,0,0,0,0,0,0,0,0,0,0,0,0,0,0,0,3,0,0,0,0,0,0,0,1,0,0,0,0,0,67,27,0,0,0,1,1,0,1,0,0,0,0,1,0,0,0,0,0,0,1
465298,Saudi Arabia,283,4,0,0,0,0,0,0,0,2,0,0,0,0,1,4,0,2,3,0,1,0,0,0,0,0,0,0,0,0,0,0,0,0,0,0,0,0,0,0,0,0,0,0,0,0,0,0,0,0,0,0,0,0,0,0,1,3,0,0,0,3,0,1,0,0,0,0,0,0,0,0,0,0,0,0,0
194669,Saudi Arabia,129,0,1,0,1,0,0,0,0,2,0,0,0,0,2,0,0,1,0,0,1,0,0,0,0,0,0,0,0,0,0,0,0,0,0,0,0,0,0,0,0,0,0,0,0,0,0,0,0,0,0,0,0,0,0,0,2,0,0,0,0,2,0,0,0,0,0,0,0,0,0,0,0,0,0,0,0
194669,Saudi Arabia,19,0,0,0,0,0,0,0,0,0,0,0,0,0,1,0,0,0,0,0,0,0,0,0,0,0,0,0,0,0,0,0,0,0,0,0,0,0,0,0,0,0,0,0,0,0,0,0,0,0,0,0,0,0,0,0,0,0,0,0,0,1,0,0,0,0,0,0,0,0,0,0,0,0,0,0,0
209471,Brazil,115,0,0,0,0,0,0,0,0,1,0,0,0,0,3,4,0,0,2,0,0,0,0,0,0,0,1,0,0,0,0,0,0,0,0,0,0,0,0,0,0,0,0,0,0,0,0,0,0,0,0,0,0,1,0,0,1,0,0,0,0,0,0,0,0,0,0,0,0,0,0,0,0,1,0,0,0
443036,Saudi Arabia,32,0,0,0,0,0,0,0,0,0,0,0,0,0,0,0,0,0,0,0,0,0,0,0,0,0,0,0,0,0,0,0,0,0,0,0,0,0,0,0,0,0,0,0,0,0,0,0,0,0,0,1,0,0,0,0,0,0,0,0,0,1,1,0,0,0,0,0,0,0,0,0,0,0,0,0,1
442425,Saudi Arabia,122,1,0,0,0,0,0,0,0,2,1,0,0,0,0,3,0,1,2,0,0,0,0,0,0,0,0,0,0,0,0,0,0,0,0,0,0,0,0,0,0,0,0,0,0,0,0,0,0,0,0,0,0,0,0,0,1,2,0,1,0,1,0,0,0,0,0,0,0,0,0,0,0,2,0,0,0
216591,Saudi Arabia,1,1,0,0,0,0,0,0,0,0,0,0,0,0,0,0,0,0,0,0,0,0,0,0,0,0,0,0,0,0,0,0,0,0,0,0,0,0,0,0,0,0,0,0,0,0,0,0,0,0,0,0,0,0,0,0,0,0,0,0,0,0,0,0,0,0,0,0,0,0,0,0,0,0,0,0,0
121604,Saudi Arabia,162,2,0,0,0,0,0,0,0,2,0,0,1,0,0,1,0,4,2,0,0,0,0,0,0,0,0,0,0,0,0,0,0,0,0,0,0,0,0,0,0,0,0,0,0,0,0,0,0,0,0,0,0,0,0,0,1,7,0,0,0,0,0,0,0,0,0,0,0,0,0,0,0,0,0,0,0
172469,Saudi Arabia,915,4,2,0,0,0,0,0,0,2,0,0,0,0,0,12,0,1,6,0,0,0,0,0,0,0,0,0,0,0,0,0,0,0,0,0,1,0,0,0,0,0,0,0,0,0,0,0,0,0,0,0,0,1,0,0,4,19,0,0,0,8,0,0,0,0,0,0,0,0,0,0,1,2,0,0,0
223422,Tunisia,502,2,0,0,0,1,0,0,0,5,2,0,0,1,3,13,0,0,6,0,1,0,0,0,0,0,0,0,0,0,0,0,0,0,0,0,1,0,0,0,0,0,0,0,1,0,0,0,1,0,0,0,0,2,0,0,4,2,0,0,0,1,1,2,0,0,0,0,0,0,1,1,0,2,0,0,0
209142,Saudi Arabia,699,4,3,0,0,0,0,0,0,2,0,0,0,0,1,6,0,5,7,0,4,0,0,0,0,0,0,0,0,0,0,0,0,0,0,0,0,0,0,0,0,0,0,0,0,1,0,0,0,0,0,0,0,1,0,0,5,10,0,0,0,3,0,0,0,0,0,0,0,0,1,0,0,0,0,0,0
104009,Syria,1286,5,1,0,1,0,0,2,0,11,4,0,0,1,8,6,0,1,20,1,8,0,0,0,0,0,0,0,0,0,0,0,0,0,0,0,5,0,0,0,0,0,0,2,1,0,0,0,0,0,0,0,0,0,0,0,0,8,1,3,1,15,0,1,0,0,0,0,0,0,1,1,1,0,0,0,0
126470,Brazil,651,1,1,0,0,9,0,10,0,11,2,0,0,1,3,6,0,0,7,0,6,0,0,0,0,0,0,0,0,0,0,0,0,0,0,0,0,0,0,0,0,0,0,1,1,0,1,0,0,0,0,0,2,0,0,0,0,14,3,0,2,5,2,1,0,0,0,0,0,1,0,2,0,2,0,3,2
126470,Brazil,225,1,0,0,2,5,2,3,0,3,1,0,0,0,5,6,0,0,3,0,2,0,0,0,0,0,0,0,0,0,0,0,0,0,0,0,1,0,0,0,0,0,0,0,0,0,0,0,0,0,0,0,1,0,0,0,0,1,1,1,1,3,1,0,0,0,0,0,0,0,0,0,0,0,0,2,1
182594,Brazil,944,3,3,0,0,0,0,0,0,1,0,0,0,0,2,16,2,7,17,0,1,0,0,0,0,0,0,0,0,0,0,0,0,0,0,0,2,0,0,0,0,0,0,0,0,0,0,0,0,0,0,0,0,0,0,0,6,30,0,0,0,1,0,0,0,0,0,0,0,0,0,0,1,1,0,0,0
9631,Australia,1661,12,7,0,0,0,0,0,0,0,0,0,0,0,0,0,1,0,4,0,0,1,12,8,23,39,34,0,61,5,0,86,3,23,0,0,0,0,14,0,3,0,0,0,0,0,0,0,0,0,0,0,0,0,0,0,0,1,0,0,0,1,0,0,0,1,22,13,6,0,0,0,0,0,0,0,0
88584,Brazil,136,0,0,0,0,0,0,0,0,4,1,0,0,0,1,0,0,1,1,0,0,0,0,0,0,0,0,0,0,0,0,0,0,0,0,0,0,0,0,0,0,0,0,0,0,0,0,0,0,0,0,0,0,0,0,0,0,0,0,0,1,1,0,1,0,0,0,0,0,0,1,0,0,0,0,0,0
170263,Brazil,677,2,1,0,0,0,0,0,0,3,1,0,0,0,6,10,0,1,8,0,2,0,0,0,0,0,0,0,0,0,0,0,0,0,0,0,1,0,0,0,0,0,0,0,0,0,1,0,0,0,0,0,0,0,0,0,3,10,0,0,0,9,0,6,0,0,0,0,0,1,0,2,0,1,0,0,0
195839,Serbia,415,3,0,0,0,0,0,0,0,9,1,0,0,0,2,5,0,0,4,0,3,0,0,0,0,0,0,0,0,0,0,0,0,0,0,0,0,0,0,0,0,0,0,0,0,0,0,0,0,0,0,0,0,1,0,0,1,2,0,0,0,2,0,8,0,0,0,0,0,0,0,1,0,1,0,0,0
221687,Brazil,181,4,2,0,0,0,0,0,0,0,0,0,3,0,0,2,0,2,0,0,0,0,0,0,0,0,0,0,0,0,0,0,0,0,0,0,0,0,0,0,0,0,0,0,0,0,0,0,0,0,0,0,0,0,0,0,2,4,0,0,0,0,0,0,0,0,0,0,0,0,0,0,0,0,0,0,0
222192,Brazil,980,0,2,0,0,0,0,0,0,1,0,0,0,2,6,17,0,0,20,1,1,0,0,0,0,0,0,0,0,0,0,0,0,0,0,0,0,0,0,0,0,0,1,0,1,0,1,0,1,0,0,0,0,2,0,1,5,2,0,0,0,9,0,7,0,0,0,0,0,0,0,3,0,1,0,0,0
109737,Saudi Arabia,216,12,7,0,0,0,0,0,0,0,1,0,3,0,0,0,0,2,1,0,1,0,0,0,0,0,0,0,0,0,0,0,0,0,0,0,0,0,0,0,0,0,0,0,0,0,0,0,0,0,0,0,0,0,0,0,3,7,0,0,0,0,0,0,0,0,0,0,0,0,0,0,0,0,0,0,0
17441,Spain,1282,0,0,0,9,24,0,8,0,30,16,0,0,0,15,7,0,0,26,0,7,0,0,0,0,0,0,0,0,0,0,0,0,0,0,0,3,0,0,0,0,0,0,0,0,0,1,0,0,0,0,0,0,0,0,0,1,3,6,5,3,15,1,0,0,0,0,0,0,0,3,1,0,3,0,0,0
77706,Australia,984,26,6,0,0,0,0,0,0,1,0,0,23,0,1,7,0,4,5,0,0,0,0,0,0,0,0,0,0,0,0,0,0,0,0,0,0,0,0,0,0,0,0,0,0,0,0,0,0,0,0,0,0,0,0,0,14,15,0,0,0,1,0,0,0,0,0,0,0,1,0,0,0,0,0,0,0
107968,Tunisia,1598,15,3,1,1,13,2,12,0,24,4,0,0,5,7,25,0,2,11,0,4,0,0,0,0,0,0,0,0,0,0,0,0,0,0,0,1,0,0,0,0,0,0,0,0,0,1,0,4,1,0,0,0,1,0,0,7,8,7,0,2,15,0,3,0,0,0,0,0,0,0,2,1,6,0,4,0
59052,Brazil,443,0,1,0,0,0,0,0,0,1,1,0,2,0,0,5,0,2,10,0,3,0,0,0,0,0,0,0,0,0,0,0,0,0,0,0,0,0,0,0,0,0,0,0,0,0,0,0,0,0,0,0,0,2,0,0,1,3,0,0,0,5,0,1,0,0,0,0,0,0,1,1,0,0,0,0,0
447797,Congo DR,110,1,0,0,0,0,0,0,0,0,0,0,0,0,1,1,0,0,1,1,1,0,0,0,0,0,0,0,0,0,0,0,0,0,0,0,1,0,0,0,0,0,0,0,0,0,0,0,0,0,0,0,0,0,0,0,0,0,0,0,0,1,0,0,0,0,0,0,0,0,0,0,0,0,0,0,0
242106,Saudi Arabia,533,5,3,0,0,0,0,0,0,3,1,0,0,0,1,16,0,0,10,0,1,0,0,0,0,0,0,0,0,0,0,0,0,0,0,0,1,0,0,0,0,0,0,0,0,0,0,0,0,0,0,0,0,0,0,0,0,5,0,0,0,8,0,0,0,0,0,0,0,0,1,0,0,4,0,0,0
110184,Saudi Arabia,4,3,0,0,0,0,0,0,0,0,0,0,2,0,0,0,0,0,0,0,0,0,0,0,0,0,0,0,0,0,0,0,0,0,0,0,0,0,0,0,0,0,0,0,0,0,0,0,0,0,0,0,0,0,0,0,0,0,0,0,0,0,0,0,0,0,0,0,0,0,0,0,0,0,0,0,0
216768,Saudi Arabia,1699,24,16,0,0,0,0,0,0,40,4,1,30,0,12,16,0,6,9,0,0,0,0,0,0,0,0,0,0,0,0,0,0,0,0,2,1,0,0,0,0,0,0,0,0,0,0,0,0,0,0,0,0,0,1,1,24,50,0,1,0,5,0,1,0,0,0,0,0,0,3,1,0,0,0,0,0
109767,Saudi Arabia,637,0,1,0,3,0,0,0,0,3,5,0,0,0,6,10,0,1,7,1,9,0,0,0,0,0,0,0,0,0,0,0,0,0,0,1,0,0,0,0,0,0,1,0,0,0,0,0,0,0,0,0,1,1,0,0,1,12,0,4,0,12,2,3,0,0,0,0,0,0,0,3,0,5,0,0,1
432975,Saudi Arabia,1,0,0,0,0,0,0,0,0,0,0,0,0,0,0,0,0,0,0,0,0,0,0,0,0,0,0,0,0,0,0,0,0,0,0,0,0,0,0,0,0,0,0,0,0,0,0,0,0,0,0,0,0,0,0,0,0,0,0,0,0,0,0,0,0,0,0,0,0,0,0,0,0,0,0,0,0
466807,Saudi Arabia,90,1,0,0,0,0,0,0,0,2,0,1,0,0,0,0,0,0,0,0,0,0,0,0,0,0,0,0,0,0,0,0,0,0,0,0,0,0,0,0,0,0,0,0,0,0,0,0,0,0,0,0,0,0,0,0,0,2,0,0,0,0,0,0,0,0,0,0,0,0,0,0,0,0,0,0,0
67242,Slovakia,1460,15,9,0,0,0,0,0,0,2,1,0,0,0,2,40,0,6,14,0,1,0,0,0,0,0,0,0,0,0,0,0,0,0,2,0,0,0,0,0,0,0,1,0,0,0,0,0,0,0,0,0,0,0,0,1,18,21,0,0,0,4,0,0,1,0,0,0,0,1,0,0,0,1,0,0,0
159127,Belarus,428,6,2,0,0,0,0,0,0,0,0,0,0,0,0,9,0,0,3,0,0,0,0,0,0,0,0,0,0,0,0,0,0,0,0,0,0,0,0,0,0,0,0,0,0,0,0,0,0,0,0,0,0,0,0,0,5,14,0,0,0,1,0,0,0,0,0,0,0,0,0,0,0,0,0,0,0
86337,Ukraine,2160,11,17,0,0,0,0,0,0,0,0,0,0,0,0,0,1,0,11,0,0,1,11,10,34,113,64,1,20,19,0,67,1,35,0,0,0,0,25,3,1,0,0,0,0,0,0,0,0,0,0,0,0,0,0,0,2,2,0,0,0,1,0,0,0,1,55,24,7,0,0,0,0,0,0,0,0
228331,Morocco,1371,9,16,0,0,0,0,0,0,0,0,0,0,0,1,0,1,0,3,0,0,2,2,2,38,39,38,1,29,11,1,49,0,14,0,0,0,0,27,2,6,2,0,0,0,0,0,0,0,0,0,0,0,0,0,0,0,3,0,0,0,1,0,0,0,0,25,13,3,0,0,0,0,0,0,0,0
118630,Brazil,1677,62,19,0,0,0,0,0,0,0,0,4,30,0,0,6,1,3,4,0,0,0,0,0,0,0,0,0,0,0,0,0,0,0,2,0,0,0,0,0,0,0,0,0,0,0,0,0,0,0,0,0,0,0,0,1,47,36,0,0,0,0,0,3,1,0,0,0,0,1,0,0,0,0,0,0,0
183093,Brazil,1125,5,3,0,3,28,0,17,0,22,8,0,0,1,8,13,0,4,24,1,14,0,0,0,0,0,0,0,0,0,0,0,0,0,4,0,2,1,0,0,0,0,0,1,2,0,0,0,2,0,0,0,0,1,0,0,4,9,10,0,6,16,3,2,0,0,0,0,0,0,0,6,0,2,0,1,0
100172,Brazil,2070,5,4,0,5,9,1,4,0,26,4,0,2,2,7,23,0,11,22,0,1,0,0,0,0,0,0,0,0,0,0,0,0,0,0,0,1,0,0,0,0,0,0,0,1,0,1,0,1,0,0,0,0,0,0,0,6,29,2,3,0,17,2,1,0,0,0,0,0,0,2,0,0,7,0,2,0
28549,Algeria,1826,8,14,0,0,0,0,0,0,0,0,0,0,0,1,0,2,0,5,0,0,6,10,6,40,70,65,2,39,4,1,63,2,22,0,0,0,0,27,1,6,2,0,0,0,0,0,0,0,0,0,0,0,0,0,0,1,0,0,0,0,0,0,0,0,1,32,17,7,0,0,0,0,0,0,0,0
130038,Saudi Arabia,1786,13,8,0,0,0,0,0,0,30,10,5,18,0,9,12,0,10,25,1,7,0,0,0,0,0,0,0,0,0,0,0,0,0,0,0,0,0,0,0,0,0,0,0,0,0,0,0,0,0,0,0,0,2,1,0,11,53,0,2,0,8,0,1,0,0,0,0,0,0,2,1,0,3,0,0,0
194373,Saudi Arabia,28,0,0,0,0,0,0,0,0,1,0,0,0,0,0,0,0,0,0,0,1,0,0,0,0,0,0,0,0,0,0,0,0,0,0,0,0,0,0,0,0,0,0,0,0,0,0,0,0,0,0,0,0,0,0,0,0,0,0,0,0,0,0,0,0,0,0,0,0,0,0,0,0,0,0,0,0
56107,Brazil,90,5,0,0,0,0,0,0,0,0,0,0,1,0,0,0,0,0,0,0,0,0,0,0,0,0,0,0,0,0,0,0,0,0,0,0,0,0,0,0,0,0,0,0,0,0,0,0,0,0,0,0,0,0,0,0,3,1,0,0,0,0,0,0,0,0,0,0,0,0,0,0,0,0,0,0,0
197493,Saudi Arabia,212,2,0,0,0,0,0,0,0,2,0,0,0,0,0,1,0,1,0,0,2,0,0,0,0,0,0,0,0,0,0,0,0,0,0,0,0,0,0,0,0,0,0,0,0,0,0,0,0,0,0,0,0,1,0,0,2,2,0,0,0,2,0,0,0,0,0,0,0,0,0,0,0,0,0,0,0
109877,Saudi Arabia,675,10,7,0,0,1,0,2,0,21,2,0,21,0,1,2,0,5,2,0,0,0,0,0,0,0,1,0,0,0,0,0,0,0,0,0,0,0,0,0,0,0,0,0,0,0,0,0,0,0,0,0,0,0,1,0,5,20,0,0,0,2,0,0,0,0,0,0,0,0,0,0,0,0,0,0,0
109877,Saudi Arabia,270,4,0,0,0,0,0,0,0,6,0,2,1,0,3,2,0,1,1,0,0,0,0,0,0,0,0,0,0,0,0,0,0,0,0,0,0,0,0,0,0,0,0,0,0,0,0,0,0,0,0,0,0,0,0,0,1,12,0,0,0,2,0,0,0,0,0,0,0,0,0,0,0,1,0,0,0
223646,Saudi Arabia,1588,11,1,0,0,4,0,0,0,4,1,0,0,0,4,29,0,11,22,0,0,0,0,0,0,0,0,0,0,0,0,0,0,0,0,0,2,0,0,0,0,0,0,0,0,0,0,0,0,0,0,0,0,2,0,0,5,25,0,0,0,9,0,0,0,0,0,0,0,0,0,1,0,1,0,0,0
219670,Algeria,2160,11,27,0,0,0,0,0,0,0,0,0,0,0,0,0,0,0,8,0,0,2,17,2,13,90,55,2,47,5,2,87,1,27,0,0,0,0,38,2,6,0,0,0,0,0,0,0,0,0,0,0,0,0,0,0,1,0,0,0,0,0,0,0,0,2,67,31,3,0,0,0,0,0,0,0,0
131853,Australia,226,2,0,0,0,0,0,0,0,0,0,0,0,0,0,1,0,0,2,0,0,0,0,0,0,0,0,0,0,0,0,0,0,0,0,0,0,0,0,0,0,0,0,0,0,0,0,0,0,0,0,0,0,0,0,0,5,5,0,0,0,0,0,0,0,0,0,0,0,0,0,0,0,0,0,0,0
109740,Saudi Arabia,1803,18,6,0,0,0,0,0,0,60,20,6,29,0,9,15,0,2,9,0,0,0,0,0,0,0,0,0,0,0,0,0,0,0,0,0,0,0,0,0,0,0,0,0,0,0,1,0,0,0,0,0,0,0,0,0,14,37,0,10,0,14,1,2,0,0,0,0,0,0,0,0,0,0,0,0,0
464098,Saudi Arabia,91,2,1,0,0,0,0,0,0,2,0,0,1,0,0,3,0,0,3,0,1,0,0,0,0,0,0,0,0,0,0,0,0,0,0,0,0,0,0,0,0,0,0,0,0,0,0,0,0,0,0,0,0,0,0,0,1,2,0,0,0,0,0,0,0,0,0,0,0,0,0,0,0,0,0,0,0
222213,Saudi Arabia,458,5,4,0,0,0,0,0,0,4,0,1,9,0,0,3,0,3,8,0,1,0,0,0,0,0,0,0,0,0,0,0,0,0,0,0,0,0,0,0,0,0,0,0,0,0,0,0,0,0,0,0,0,1,0,0,7,13,0,0,0,1,0,0,0,0,0,0,0,0,0,0,0,0,0,0,0
171146,Saudi Arabia,1605,2,6,0,2,1,0,0,0,24,7,0,0,0,14,15,0,4,32,2,12,0,0,0,0,0,0,0,0,0,0,0,0,0,0,0,1,0,0,0,0,0,0,1,1,0,0,0,0,0,0,0,0,0,0,0,1,18,0,2,0,13,1,7,0,0,0,0,0,1,1,1,0,0,0,0,0
37863,Morocco,540,11,3,0,0,0,0,0,0,0,0,5,2,1,1,6,0,4,8,0,0,0,0,0,0,0,0,0,0,0,0,0,0,0,0,0,0,0,0,0,0,0,1,0,0,0,0,0,0,0,1,0,0,0,0,0,20,11,0,0,1,1,0,0,0,0,0,0,0,0,0,0,0,0,0,0,1
164711,Brazil,2086,2,5,0,2,0,0,2,0,16,7,0,0,3,15,14,0,2,9,0,1,0,0,0,0,0,0,0,0,0,0,0,0,0,0,1,0,0,0,0,0,0,0,1,4,0,0,0,1,0,0,1,1,0,0,0,7,5,2,5,0,27,5,5,0,0,0,0,0,1,0,2,0,2,0,0,2
197620,Saudi Arabia,1895,17,10,0,0,0,0,0,0,38,8,1,32,0,7,16,0,9,12,1,4,0,0,0,0,0,0,0,0,0,0,0,0,0,0,1,0,0,0,0,0,0,0,0,2,0,0,0,0,0,0,0,0,2,0,1,9,36,0,2,0,7,1,0,0,0,0,0,0,0,0,0,0,0,0,0,0
168461,Saudi Arabia,274,0,0,0,1,0,0,0,0,3,0,0,0,0,3,6,0,0,5,0,5,0,0,0,0,0,0,0,0,0,0,0,0,0,0,0,0,0,0,0,0,0,0,0,0,0,0,0,0,0,1,0,0,0,0,0,0,2,0,0,0,1,1,2,0,0,0,0,0,0,0,0,0,0,0,0,1
58996,Belgium,465,1,0,0,0,0,0,0,0,7,2,0,0,1,2,8,0,1,3,0,2,0,0,0,0,0,0,0,0,0,0,0,0,0,0,0,0,0,0,0,0,0,0,1,0,0,0,0,0,0,0,0,0,2,0,0,2,0,0,1,0,4,0,5,0,0,0,0,0,0,0,0,0,0,0,0,0
228876,Algeria,405,15,4,0,0,0,0,0,0,3,0,0,8,0,0,3,0,1,2,0,0,0,0,0,0,0,0,0,0,0,0,0,0,0,0,0,0,0,0,0,0,0,0,0,0,0,0,0,0,0,0,0,0,0,0,0,7,7,0,0,0,1,0,1,0,0,0,0,0,1,0,0,0,0,0,0,0
17337,Algeria,675,6,1,0,0,0,0,0,0,4,0,0,4,0,4,6,0,2,8,0,1,0,0,0,0,0,0,0,0,0,0,0,0,0,1,0,0,0,0,0,0,0,1,0,0,0,0,0,1,0,0,0,1,0,0,0,4,5,0,0,0,2,1,1,0,0,0,0,0,0,0,0,0,0,0,0,1
209143,Saudi Arabia,1844,17,4,0,0,0,0,0,0,22,7,6,34,0,6,11,0,5,49,0,4,0,0,0,0,0,0,0,0,0,0,0,0,0,0,0,0,0,0,0,0,0,0,0,0,0,0,0,0,0,0,0,0,0,1,0,13,42,0,2,1,4,0,0,0,0,0,0,0,0,0,0,0,0,0,0,0
181116,Saudi Arabia,32,0,0,0,0,0,0,0,0,1,0,0,0,0,0,0,0,0,2,0,0,0,0,0,0,0,0,0,0,0,0,0,0,0,0,0,0,0,0,0,0,0,0,0,0,0,0,0,0,0,0,0,0,0,0,0,0,0,0,0,0,0,0,0,0,0,0,0,0,0,0,0,0,0,0,0,0
106943,Saudi Arabia,209,1,0,0,0,0,0,0,0,1,0,0,0,0,0,3,0,2,0,0,1,0,0,0,0,0,0,0,0,0,0,0,0,0,0,0,0,0,0,0,0,0,0,0,0,0,0,0,0,0,0,0,0,0,0,0,1,3,0,0,0,1,0,0,0,0,0,0,0,0,0,0,0,0,0,0,0
225404,Saudi Arabia,27,0,0,0,0,0,0,0,0,1,0,0,0,0,1,0,0,0,1,0,0,0,0,0,0,0,0,0,0,0,0,0,0,0,0,0,0,0,0,0,0,0,0,0,0,0,0,0,0,0,0,0,0,0,0,0,1,0,0,0,0,0,0,0,0,0,0,0,0,0,0,0,0,0,0,0,0
444681,Egypt,1949,57,36,0,0,0,0,0,0,1,2,6,33,0,2,3,0,6,12,0,1,0,0,0,0,0,0,0,0,0,0,0,0,0,2,0,0,0,0,0,0,0,0,0,0,0,0,0,0,0,0,0,0,0,0,0,26,42,0,2,0,1,0,0,0,0,0,0,0,0,1,1,0,1,0,0,0
185407,Egypt,1854,9,13,0,0,0,0,0,0,0,0,0,0,0,0,0,2,0,6,0,0,2,12,5,21,62,68,0,40,7,0,70,1,21,0,0,0,0,18,4,3,0,0,0,0,0,0,0,0,0,0,0,0,0,0,0,0,2,0,0,1,2,0,0,0,1,39,22,2,0,0,0,0,0,0,0,0
170031,Saudi Arabia,1986,5,1,0,0,0,0,0,0,6,2,0,0,3,11,35,0,6,10,0,3,0,0,0,0,0,0,0,1,0,0,0,0,0,0,0,3,0,0,0,0,0,0,0,2,0,1,0,2,0,0,0,0,0,1,0,10,34,0,0,0,18,3,0,0,0,0,0,0,1,0,2,0,2,0,0,0
80299,Egypt,1980,13,8,0,2,1,0,2,0,45,12,6,28,0,8,11,0,7,15,0,2,0,0,0,0,0,0,0,0,0,0,0,0,0,0,0,1,0,0,0,0,0,0,0,0,0,0,0,0,0,0,0,0,0,0,0,16,44,1,7,0,6,0,0,0,0,0,0,0,0,0,0,0,1,0,0,0
13084,Saudi Arabia,173,0,0,0,1,1,0,1,0,6,2,0,0,1,1,1,0,0,5,0,1,0,0,0,0,0,0,0,0,0,0,0,0,0,1,0,2,0,0,0,0,0,0,1,0,0,0,0,0,0,0,0,0,2,0,0,0,0,0,0,1,3,0,0,0,0,0,0,0,0,0,0,0,0,0,0,0
205370,Saudi Arabia,178,0,0,0,0,0,0,0,0,4,4,0,2,0,2,0,0,1,3,0,0,0,0,0,0,0,0,0,0,0,0,0,0,0,0,0,0,0,0,0,0,0,0,0,0,0,0,0,0,0,0,0,0,0,0,0,2,3,0,3,0,0,0,0,0,0,0,0,0,0,0,0,0,0,0,0,0
205370,Saudi Arabia,66,0,1,0,0,0,0,0,0,0,1,0,1,0,0,0,0,0,0,0,0,0,0,0,0,0,0,0,0,0,0,0,0,0,0,0,0,0,0,0,0,0,0,0,0,0,0,0,0,0,0,0,0,0,0,0,0,1,0,1,0,0,0,0,0,0,0,0,0,0,0,0,0,0,0,0,0
191758,Saudi Arabia,1647,5,7,0,2,3,0,0,0,36,12,0,0,3,17,19,1,3,22,0,5,0,0,0,0,0,0,0,0,0,0,0,0,0,0,0,1,0,0,0,0,0,0,3,1,1,0,0,0,0,0,1,0,0,0,0,1,25,0,6,0,20,2,4,0,0,0,0,0,0,3,1,6,0,0,0,1
153885,Saudi Arabia,1800,4,12,0,0,0,0,0,0,0,0,0,0,0,0,0,0,0,2,0,0,1,9,6,24,47,47,0,42,8,0,69,1,12,0,0,0,0,26,1,2,1,0,0,0,0,0,0,0,0,0,0,0,0,0,0,0,1,0,0,0,0,0,0,0,0,38,32,4,0,0,0,0,0,0,0,0
247239,Saudi Arabia,45,1,0,0,0,1,0,0,0,0,0,0,0,0,0,0,0,0,0,0,1,0,0,0,0,0,0,0,0,0,0,0,0,0,0,0,1,0,0,0,0,0,0,0,0,0,0,0,0,0,0,0,0,0,0,0,2,2,0,0,0,0,0,1,0,0,0,0,0,0,0,0,0,0,0,0,0
423635,Saudi Arabia,468,0,2,0,0,0,0,0,0,0,0,0,0,0,0,0,0,0,0,0,0,0,1,1,6,24,19,0,5,2,0,14,1,3,0,0,0,0,10,0,0,1,0,0,0,0,0,0,0,0,0,0,0,0,0,0,0,0,0,0,0,1,0,0,0,1,9,1,2,0,0,0,0,0,0,0,0
109807,Saudi Arabia,1110,9,2,0,1,4,0,0,0,21,7,1,12,0,3,17,1,5,19,0,11,0,0,0,0,0,0,0,0,0,0,0,0,0,0,1,0,0,0,0,0,0,0,1,0,0,0,0,0,0,0,0,0,1,0,0,5,14,0,3,0,8,1,2,0,0,0,0,0,0,1,0,0,0,1,0,0
177389,Saudi Arabia,1739,12,8,0,3,13,1,4,0,75,18,6,19,0,29,17,0,10,25,1,3,0,0,0,0,0,0,0,0,0,0,0,0,0,0,2,3,0,0,0,0,0,0,0,0,0,0,0,0,0,0,0,0,0,0,0,18,33,3,10,0,11,0,0,0,0,0,0,0,0,2,1,0,0,0,1,0
469102,Saudi Arabia,278,0,1,0,0,1,0,0,0,0,0,0,0,0,1,2,0,0,12,0,3,0,0,0,0,0,0,0,0,0,0,0,0,0,0,0,1,0,0,0,0,0,0,0,0,0,0,0,0,0,0,0,0,1,0,0,1,4,0,0,0,1,0,0,0,0,0,0,0,0,0,0,0,0,0,0,0
431233,Sudan,937,2,3,0,0,0,0,0,0,3,3,0,0,0,8,22,0,4,24,0,7,0,0,0,0,0,0,0,0,0,0,0,0,0,0,0,0,0,0,0,0,0,0,0,1,0,0,0,0,0,0,0,0,0,0,0,0,7,0,2,0,12,1,1,0,0,0,0,0,0,0,0,0,0,0,0,0
110639,Saudi Arabia,1410,34,13,0,0,0,0,0,0,1,0,3,20,0,1,13,0,7,5,0,0,0,0,0,0,0,0,0,0,0,0,0,0,0,0,0,0,0,0,0,0,0,0,0,0,0,0,0,0,0,0,0,0,0,0,0,26,28,0,0,0,2,0,0,0,0,0,0,0,1,0,0,0,0,0,0,0
109876,Saudi Arabia,1873,24,11,0,0,0,0,0,0,2,0,5,5,1,3,19,1,9,16,0,0,0,0,0,0,0,0,0,0,0,0,0,0,0,0,0,0,0,0,0,0,0,0,0,0,0,1,0,0,0,0,0,0,3,0,0,26,50,0,0,0,8,0,0,0,0,0,0,0,0,0,0,1,0,0,0,0
432813,Saudi Arabia,1448,12,2,0,1,9,1,1,0,24,7,1,2,1,10,23,0,8,20,0,2,0,0,0,0,0,0,0,0,0,0,0,0,0,0,1,0,0,0,0,0,0,0,0,2,0,1,0,0,0,0,0,1,1,0,0,11,29,1,3,2,8,3,0,0,0,0,0,0,0,0,0,0,6,0,0,1
109758,Saudi Arabia,177,2,1,0,0,0,0,0,0,0,0,0,0,0,0,2,0,0,0,0,0,0,0,0,0,0,0,0,0,0,0,0,0,0,0,0,0,0,0,0,0,0,0,0,0,0,0,0,0,0,0,0,0,0,0,0,1,7,0,0,0,0,0,0,0,0,0,0,0,0,0,0,0,0,0,0,0
83696,Saudi Arabia,353,2,1,0,0,0,0,0,0,1,1,0,0,0,4,4,0,0,1,0,2,0,0,0,0,0,0,0,0,0,0,0,0,0,0,1,0,0,0,0,0,0,0,0,1,0,0,0,0,0,0,0,0,1,0,0,0,2,0,0,0,3,1,0,0,0,0,0,0,0,0,3,0,0,0,1,0
177397,Saudi Arabia,1574,8,3,0,0,0,0,0,0,13,3,0,0,3,14,34,0,1,26,0,15,0,0,0,0,0,0,0,0,0,0,0,0,0,0,0,0,0,0,0,0,0,0,0,4,0,1,0,0,0,3,0,2,6,1,0,15,3,0,2,0,12,1,16,0,0,0,0,0,1,1,6,1,3,0,2,5
431209,Saudi Arabia,331,4,0,0,0,0,0,0,0,6,2,0,8,0,3,1,0,1,1,0,1,0,0,0,0,0,0,0,0,0,0,0,0,0,0,0,0,0,0,0,0,0,0,0,0,0,0,0,0,0,0,0,0,1,0,0,2,12,0,1,0,0,0,0,0,0,0,0,0,0,0,0,0,0,0,0,0
466342,Saudi Arabia,5,0,1,0,0,0,0,0,0,1,0,0,0,0,1,0,0,0,0,0,0,0,0,0,0,0,0,0,0,0,0,0,0,0,0,0,0,0,0,0,0,0,0,0,0,0,0,0,0,0,0,0,0,0,0,0,0,0,0,0,0,2,0,0,0,0,0,0,0,0,0,0,0,0,0,0,0
243719,Saudi Arabia,74,0,0,0,1,0,0,0,0,2,1,0,0,0,0,2,0,0,1,0,0,0,0,0,0,0,0,0,0,0,0,0,0,0,0,0,0,0,0,0,0,0,0,0,0,0,0,0,0,0,0,0,0,0,0,0,0,1,0,0,0,1,0,0,0,0,0,0,0,0,0,0,0,0,0,0,0
432906,Saudi Arabia,165,0,0,0,0,0,0,0,0,3,1,0,0,0,0,0,0,1,1,0,3,0,0,0,0,0,0,0,0,0,0,0,0,0,0,0,0,0,0,0,0,0,0,0,0,0,0,0,0,0,0,0,0,0,0,0,1,1,0,1,0,0,0,0,0,0,0,0,0,0,0,0,0,0,0,0,0
110072,Saudi Arabia,285,5,5,0,0,0,0,0,0,0,0,0,3,0,0,1,0,1,1,0,0,0,0,0,0,0,0,0,0,0,0,0,0,0,0,0,0,0,0,0,0,0,0,0,0,0,0,0,0,0,0,0,0,0,0,0,4,15,0,0,0,1,0,0,0,0,0,0,0,0,0,0,0,0,0,0,0
215215,Saudi Arabia,1649,61,19,0,0,0,0,0,0,2,0,4,29,0,1,7,0,3,4,0,0,0,0,0,0,0,0,0,0,0,0,0,0,0,0,0,0,0,0,0,0,0,0,0,0,0,0,0,0,0,0,0,0,0,0,0,55,35,0,0,0,1,0,0,0,0,0,0,0,0,0,1,0,0,0,0,0
109744,Saudi Arabia,365,1,0,0,0,0,0,0,0,2,0,0,0,0,4,11,0,0,4,0,0,0,0,0,0,0,0,0,0,0,0,0,0,0,0,0,0,0,0,0,0,0,0,0,0,0,0,0,0,0,0,0,0,1,0,0,6,5,0,0,0,0,0,1,0,0,0,0,0,0,0,0,0,0,0,0,0
109744,Saudi Arabia,387,1,0,0,0,0,0,0,0,0,0,0,0,0,5,6,0,0,3,0,1,0,0,0,0,0,0,0,0,0,0,0,0,0,0,0,0,0,0,0,0,0,0,0,1,0,0,0,0,0,0,0,0,1,0,0,2,0,0,0,0,5,0,1,0,0,0,0,0,1,3,0,0,1,0,0,0
197918,Saudi Arabia,364,1,1,0,0,0,0,0,0,1,0,0,0,0,1,3,0,0,9,0,6,0,0,0,0,0,0,0,0,0,0,0,0,0,0,0,0,0,0,0,0,0,0,0,0,0,0,0,0,0,0,0,0,0,0,0,0,2,0,0,0,2,0,0,0,0,0,0,0,0,0,2,0,0,0,0,0
170110,Saudi Arabia,11,0,0,0,0,0,0,0,0,0,0,0,1,0,0,1,0,0,2,0,0,0,0,0,0,0,0,0,0,0,0,0,0,0,0,0,0,0,0,0,0,0,0,0,0,0,0,0,0,0,0,0,0,0,0,0,0,0,0,0,0,0,0,0,0,0,0,0,0,0,0,0,0,0,0,0,0
170110,Saudi Arabia,190,1,2,0,1,2,0,1,0,4,1,0,2,0,1,1,1,2,6,0,0,0,0,0,0,0,0,0,0,0,0,0,0,0,0,0,0,0,0,0,0,0,0,0,0,0,0,0,0,0,0,0,0,0,0,0,1,6,1,0,0,0,0,0,0,0,0,0,0,0,0,0,1,0,0,0,0
109804,Saudi Arabia,1729,33,18,0,0,0,0,0,0,3,1,6,12,0,2,10,0,6,14,1,3,0,0,0,0,2,0,0,0,0,0,0,0,0,1,0,0,1,0,0,0,0,0,0,0,0,0,0,0,0,0,0,0,0,0,0,28,42,0,1,0,4,0,1,0,0,0,0,0,0,0,1,0,0,0,0,0
444710,Saudi Arabia,51,0,0,0,0,0,0,0,0,0,1,0,0,0,0,2,0,0,1,0,0,0,0,0,0,0,0,0,0,0,0,0,0,0,0,0,0,0,0,0,0,0,0,0,0,0,0,0,0,0,0,0,0,0,0,0,0,0,0,0,0,0,0,0,0,0,0,0,0,0,0,0,0,0,0,0,0
122485,Saudi Arabia,1110,1,1,0,4,15,1,11,2,25,4,0,0,1,13,10,0,3,23,0,4,0,0,0,0,0,0,0,0,0,0,0,0,0,0,0,2,1,0,0,0,0,0,0,0,0,0,0,0,0,0,0,1,0,0,0,0,5,9,1,2,8,0,2,0,0,0,0,0,0,1,1,0,1,0,1,1
109965,Saudi Arabia,74,0,0,0,0,0,0,0,0,0,0,0,0,0,3,1,0,0,2,0,3,0,0,0,0,0,0,0,0,0,0,0,0,0,0,0,0,0,0,0,0,0,0,0,0,0,0,0,0,0,0,0,0,0,0,0,0,0,0,0,0,0,0,0,0,0,0,0,0,0,1,1,0,0,0,0,0
176090,Saudi Arabia,180,0,3,0,0,0,0,0,0,0,0,0,0,0,0,0,0,0,1,0,0,0,0,1,4,12,10,0,2,1,0,4,1,1,0,0,0,0,5,0,0,0,0,0,0,0,0,0,0,0,0,0,0,0,0,0,0,0,0,0,0,0,0,0,0,0,6,1,0,0,0,0,0,0,0,0,0
191738,Saudi Arabia,61,0,0,0,0,0,0,0,0,0,0,0,1,0,0,0,0,1,1,0,0,0,0,0,0,0,0,0,0,0,0,0,0,0,0,0,0,0,0,0,0,0,0,0,0,0,0,0,0,0,0,0,0,0,0,0,1,2,0,0,0,0,0,0,0,0,0,0,0,0,0,0,0,0,0,0,0
112246,Saudi Arabia,398,3,2,0,0,0,0,0,0,1,1,0,0,0,3,6,0,0,2,0,7,0,0,0,0,0,0,0,0,0,0,0,0,0,0,0,0,0,0,0,0,0,1,0,0,0,0,0,1,0,0,0,0,0,0,0,3,0,0,0,0,2,1,7,0,0,0,0,0,2,0,0,0,0,0,0,0
431036,Saudi Arabia,282,3,2,0,0,0,0,0,0,1,0,0,0,0,0,1,0,1,4,0,0,0,0,0,0,0,0,0,0,0,0,0,0,0,0,0,0,0,0,0,0,0,0,0,0,0,0,0,0,0,0,0,0,0,0,0,2,5,0,0,0,1,0,0,0,0,0,0,0,0,0,0,0,0,0,0,0
244979,Saudi Arabia,154,2,0,0,0,0,0,0,0,0,0,0,0,0,2,6,0,0,2,0,0,0,0,0,0,0,0,0,0,0,0,0,0,0,0,0,0,0,0,0,0,0,0,0,0,0,0,0,0,0,0,0,0,0,0,0,1,1,0,0,0,3,0,2,0,0,0,0,0,0,0,1,0,0,0,0,0
103403,Brazil,2062,12,7,0,0,2,0,0,0,10,2,0,0,0,2,31,0,8,21,0,3,0,0,0,0,0,1,0,0,0,0,0,0,0,0,0,2,0,0,0,0,0,0,0,0,0,0,0,0,0,0,0,0,0,0,0,3,63,0,1,1,23,0,1,0,0,0,0,0,0,1,2,1,4,0,0,0
90714,Nigeria,1476,1,0,0,5,0,0,0,0,26,11,0,0,3,20,13,0,2,9,0,7,0,0,0,0,0,0,0,0,0,0,0,0,0,0,0,5,0,0,0,0,0,0,1,2,0,2,0,0,0,0,0,0,1,0,0,0,11,1,4,1,17,2,4,0,0,0,0,0,0,0,10,1,1,0,0,0
37419,Saudi Arabia,2160,15,26,0,0,0,0,0,0,0,0,0,0,0,0,0,0,0,3,0,0,1,12,7,33,65,60,1,93,15,1,80,2,35,0,0,0,0,27,6,4,1,0,0,0,0,0,0,0,0,0,0,0,0,0,0,0,2,0,0,0,0,0,0,0,1,47,29,4,0,0,0,0,0,0,0,0
230777,Saudi Arabia,846,18,10,0,0,0,0,0,0,0,0,3,10,0,1,8,0,3,4,0,1,0,0,0,0,0,0,0,0,0,0,0,0,0,0,0,0,0,0,0,0,0,0,0,0,0,0,0,0,0,0,0,0,0,0,0,9,14,0,0,1,0,0,1,0,0,0,0,0,0,0,0,0,0,0,0,0
222204,Saudi Arabia,552,8,8,0,1,0,0,0,0,13,5,1,7,0,2,1,0,1,2,0,0,0,0,0,0,0,0,0,0,0,0,0,0,0,0,0,0,0,0,0,0,0,0,0,0,0,0,0,0,0,0,0,0,0,0,0,4,17,0,1,0,1,0,2,0,0,0,0,0,0,0,0,0,0,0,0,0
422412,Saudi Arabia,90,0,0,0,0,0,0,0,0,0,0,0,0,0,0,1,0,0,1,0,2,0,0,0,0,0,0,0,0,0,0,0,0,0,0,0,0,0,0,0,0,0,0,0,0,0,0,0,0,0,0,0,0,0,0,0,0,1,0,0,0,0,0,1,0,0,0,0,0,0,0,0,0,0,0,0,0
447391,Algeria,1150,28,13,0,0,0,0,0,0,0,1,4,20,0,5,3,0,11,4,0,0,0,0,0,0,0,0,0,0,0,0,0,0,0,0,0,0,0,0,0,0,0,0,0,0,0,0,0,0,0,0,0,0,0,0,0,53,20,0,0,0,2,0,2,0,0,0,0,0,0,0,0,0,0,0,0,0
209308,Saudi Arabia,90,3,0,0,0,0,0,0,0,0,0,0,2,0,0,1,0,0,0,0,0,0,0,0,0,0,0,0,0,0,0,0,0,0,0,0,0,0,0,0,0,0,0,0,0,0,0,0,0,0,0,0,0,0,0,1,0,1,0,0,0,0,0,0,0,0,0,0,0,0,0,0,0,0,0,0,0
83689,Saudi Arabia,140,0,0,0,0,0,0,0,0,1,0,0,0,0,0,5,0,0,0,0,0,0,0,0,0,0,0,0,0,0,0,0,0,0,0,0,0,0,0,0,0,0,0,0,0,0,0,0,0,0,0,0,0,1,0,0,1,0,0,0,0,1,0,0,0,0,0,0,0,0,0,1,0,0,0,0,0
197678,Saudi Arabia,882,5,3,0,0,0,0,0,0,3,1,0,0,0,1,9,1,2,6,0,0,0,0,0,0,0,0,0,0,0,0,0,0,0,0,0,1,0,0,0,0,0,0,0,0,0,0,0,0,0,0,0,0,2,0,0,3,20,0,1,0,4,0,1,0,0,0,0,0,0,0,0,0,2,0,0,0
168093,Brazil,230,1,0,0,0,0,0,0,0,1,0,0,0,0,0,1,0,2,0,0,1,0,0,0,0,0,0,0,0,0,0,0,0,0,0,0,0,0,0,0,0,0,0,0,0,0,0,0,0,0,0,0,0,0,0,0,2,2,0,0,0,1,0,1,0,0,0,0,0,0,0,0,0,0,0,0,0
444492,Saudi Arabia,7,0,0,0,0,0,0,0,0,1,1,0,0,0,0,0,0,0,0,0,0,0,0,0,0,0,0,0,0,0,0,0,0,0,0,0,0,0,0,0,0,0,0,0,0,0,0,0,0,0,0,0,0,0,0,0,0,0,0,0,0,0,0,0,0,0,0,0,0,0,0,0,0,0,0,0,0
476248,Saudi Arabia,17,1,0,0,0,0,0,0,0,1,0,0,0,0,0,0,0,0,0,0,0,0,0,0,0,0,0,0,0,0,0,0,0,0,0,0,0,0,0,0,0,0,0,0,0,0,0,0,0,0,0,0,0,0,0,0,0,0,0,0,0,1,0,0,0,0,0,0,0,0,1,0,0,0,0,0,0
431032,Saudi Arabia,306,1,0,0,0,2,0,0,0,7,0,0,0,0,3,14,0,2,3,0,1,0,0,0,0,0,0,0,0,0,0,0,0,0,0,0,0,0,0,0,0,0,0,0,0,0,0,0,0,0,0,0,0,0,0,0,0,4,0,0,0,5,0,0,0,0,0,0,0,1,0,0,2,0,0,0,0
36611,Saudi Arabia,1433,2,0,0,2,1,0,0,0,8,0,0,0,3,10,6,0,1,7,0,3,0,0,0,0,0,0,0,0,0,0,0,0,0,0,0,3,1,0,0,0,0,0,0,5,0,0,0,0,0,0,0,0,1,0,0,1,5,0,0,0,16,3,9,0,0,0,0,0,0,1,4,0,0,0,0,0
106244,Saudi Arabia,278,0,0,0,1,7,1,3,1,7,3,0,0,1,5,5,0,0,6,0,3,0,0,0,0,0,0,0,0,0,0,0,0,0,0,0,1,0,0,0,0,0,0,2,0,0,0,0,0,0,0,0,0,0,0,0,0,2,1,2,0,3,1,0,0,0,0,0,0,0,0,1,2,0,0,0,0
442625,Saudi Arabia,71,0,0,0,0,0,0,0,0,0,0,0,0,0,0,1,0,2,1,0,0,0,0,0,0,0,0,0,0,0,0,0,0,0,0,0,0,0,0,0,0,0,0,0,0,0,0,0,0,0,0,0,0,0,0,0,0,1,0,0,0,0,0,0,0,0,0,0,0,0,0,0,0,0,0,0,0
466210,Saudi Arabia,47,0,0,0,0,0,0,0,0,1,1,0,0,0,1,2,0,0,0,0,0,0,0,0,0,0,0,0,0,0,0,0,0,0,0,0,0,0,0,0,0,0,0,0,0,0,0,0,0,0,0,0,0,0,0,0,0,0,0,1,0,2,0,0,0,0,0,0,0,0,0,0,0,1,0,0,0
130042,Saudi Arabia,1270,34,13,0,0,0,0,0,0,5,0,1,23,1,4,11,0,10,10,0,0,0,0,0,0,0,1,0,0,0,0,0,0,0,0,0,0,0,0,0,0,0,1,0,0,0,0,0,0,0,0,0,0,1,0,0,20,40,0,0,0,5,1,0,0,0,0,0,0,0,1,0,0,0,1,0,0
191731,Saudi Arabia,295,5,1,0,0,0,0,1,0,7,1,1,3,0,2,4,0,2,2,0,0,0,0,0,0,0,0,0,0,0,0,0,0,0,0,0,1,0,0,0,0,0,0,0,0,0,0,0,0,0,0,0,0,1,0,0,2,6,1,0,0,5,0,0,0,0,0,0,0,0,0,0,0,0,0,0,0
431035,Saudi Arabia,32,0,0,0,0,0,0,0,0,0,0,0,2,0,0,0,0,1,0,0,0,0,0,0,0,0,0,0,0,0,0,0,0,0,0,0,0,0,0,0,0,0,0,0,0,0,0,0,0,0,0,0,0,0,0,0,0,0,0,0,0,0,0,0,0,0,0,0,0,0,0,0,0,0,0,0,0
35956,Uzbekistan,180,1,0,0,0,0,0,0,0,0,0,0,0,0,0,0,0,0,0,0,0,0,0,0,4,6,13,0,4,0,0,6,0,4,0,0,0,0,2,0,0,0,0,0,0,0,0,0,0,0,0,0,0,0,0,0,0,0,0,0,0,0,0,0,0,0,3,0,0,0,0,0,0,0,0,0,0
104292,Brazil,631,4,1,0,8,10,1,1,0,20,5,0,0,1,7,9,0,2,9,0,4,0,0,0,0,0,0,0,0,0,0,0,0,0,0,1,2,0,0,0,0,0,0,1,0,0,0,0,0,0,0,0,0,1,0,0,4,4,0,1,0,8,0,1,0,0,0,0,0,0,1,1,3,0,2,0,0
152023,Saudi Arabia,1069,8,5,0,1,0,0,0,0,8,4,0,0,0,2,19,0,6,11,0,0,0,0,0,0,0,0,0,0,0,0,0,0,0,0,0,0,0,0,0,0,0,0,0,0,0,1,0,0,0,0,0,0,0,3,0,5,19,0,0,0,5,1,0,0,0,0,0,0,0,0,0,0,1,0,0,0
107649,Ghana,1223,2,1,0,0,3,0,3,1,9,2,0,0,0,3,21,0,4,34,0,5,0,0,0,0,0,0,0,0,0,0,0,0,0,0,1,0,0,0,0,0,0,0,0,0,0,0,0,0,0,0,0,0,4,0,0,2,25,0,1,0,14,0,2,0,0,0,0,0,0,1,0,0,0,0,0,0
110085,Saudi Arabia,366,2,0,0,0,0,0,0,0,0,0,0,0,0,0,2,0,4,8,0,1,0,0,0,0,0,0,0,0,0,0,0,0,0,0,0,1,0,0,0,0,0,0,0,0,0,0,0,0,0,0,0,0,0,0,0,1,4,0,0,0,2,0,0,0,0,0,0,0,0,0,0,0,0,0,0,0
119431,United Arab Emirates,361,1,0,1,9,9,0,7,0,12,3,0,0,0,6,0,0,0,4,0,4,0,0,0,0,0,0,0,0,0,0,0,0,0,0,0,1,0,0,0,0,0,0,1,0,0,0,0,0,0,0,0,0,0,0,0,0,3,2,2,0,5,0,0,0,0,0,0,0,0,0,0,1,0,0,0,0
189787,Syria,1576,6,0,0,0,0,0,0,0,6,5,0,0,4,13,15,0,0,5,2,2,0,0,0,0,0,0,0,0,0,0,0,0,0,0,1,4,0,0,0,0,0,3,6,2,0,0,0,4,0,1,0,0,1,0,0,4,6,0,2,0,6,5,16,0,0,0,0,0,0,6,3,2,3,0,7,1
464000,Saudi Arabia,643,8,4,0,1,0,0,0,0,15,4,1,16,0,4,5,0,1,6,0,2,0,0,0,0,0,0,0,0,0,0,0,0,0,0,0,1,0,0,0,0,0,0,0,0,0,0,0,0,0,0,0,0,2,0,0,9,15,0,2,0,2,0,3,0,0,0,0,0,1,0,0,0,0,0,0,0
473647,Saudi Arabia,16,0,0,0,0,0,0,0,0,0,0,0,0,0,0,1,0,0,0,0,2,0,0,0,0,0,0,0,0,0,0,0,0,0,0,0,0,0,0,0,0,0,0,0,0,0,0,0,0,0,0,0,0,0,0,0,0,0,0,0,0,0,0,0,0,0,0,0,0,0,0,0,0,0,0,0,0
230436,Saudi Arabia,1345,20,14,0,0,0,0,0,0,9,1,2,28,0,1,18,0,17,8,0,1,0,0,0,0,0,0,0,0,0,0,0,0,0,0,0,0,0,0,0,0,0,0,0,0,0,0,0,0,0,0,0,0,1,0,0,15,23,0,0,0,5,0,1,0,0,0,0,0,0,0,0,0,0,0,0,0
209148,Saudi Arabia,236,3,0,0,0,0,0,0,0,5,1,0,6,0,1,1,0,3,1,0,0,0,0,0,0,0,0,0,0,0,0,0,0,0,0,0,0,0,0,0,0,0,0,0,0,0,0,0,0,0,0,0,0,0,0,0,2,4,0,0,0,0,0,1,0,0,0,0,0,0,0,0,0,0,0,0,0
209148,Saudi Arabia,674,13,6,0,0,0,0,0,0,20,3,0,14,0,1,11,1,7,6,0,3,0,0,0,0,0,0,0,0,0,0,0,0,0,0,1,0,0,0,0,0,0,0,0,0,0,0,0,0,0,0,0,0,0,1,0,7,22,0,2,0,5,0,0,0,0,0,0,0,0,0,0,0,1,0,0,0
110186,Saudi Arabia,1080,40,13,0,0,0,0,0,0,0,0,5,8,0,0,8,0,3,5,0,1,0,0,0,0,0,0,0,0,0,0,0,0,0,0,0,0,0,0,0,0,0,0,0,0,0,0,0,0,0,0,0,0,1,1,1,18,20,0,0,0,1,0,1,0,0,0,0,0,0,0,0,0,0,0,0,0
235504,Syria,108,0,0,0,1,0,0,0,0,1,2,0,0,0,2,0,0,1,1,1,0,0,0,0,0,0,0,0,0,0,0,0,0,0,0,0,0,0,0,0,0,0,0,0,0,0,0,0,0,0,0,0,0,0,0,0,0,3,0,1,0,0,0,0,0,0,0,0,0,0,1,0,0,1,0,0,0
432600,Saudi Arabia,1392,19,7,0,0,0,0,0,0,2,0,3,29,0,3,10,1,10,12,0,0,0,0,0,0,0,0,0,0,0,0,0,0,0,0,0,0,0,0,0,0,0,0,0,0,0,0,0,0,0,0,0,0,0,0,0,23,35,0,0,0,0,0,0,0,0,0,0,0,1,0,0,0,0,0,0,0
214186,Saudi Arabia,448,1,2,0,0,0,0,0,0,6,2,1,7,0,0,8,1,3,11,0,1,0,0,0,0,0,0,0,0,0,0,0,0,0,1,0,0,0,0,0,0,0,0,0,0,0,0,0,0,0,0,0,0,0,0,0,2,14,0,1,0,3,0,0,0,0,0,0,0,0,0,0,0,2,0,0,0
214186,Saudi Arabia,608,9,4,0,0,0,0,0,0,3,0,1,0,0,1,13,0,3,13,0,1,0,0,0,0,0,0,0,0,0,0,0,0,0,0,0,0,0,0,0,0,0,0,0,0,0,1,0,0,0,0,0,0,1,0,0,4,20,0,0,0,2,1,0,0,0,0,0,0,0,0,0,0,3,0,0,0
112607,Saudi Arabia,501,7,2,0,0,0,0,0,0,13,1,0,8,0,0,11,1,4,3,0,2,0,0,0,0,0,0,0,0,0,0,0,0,0,0,0,0,0,0,0,0,0,0,0,0,0,0,0,0,0,0,0,0,0,0,0,5,15,0,0,0,0,0,0,0,0,0,0,0,0,0,0,0,0,0,0,0
83682,Saudi Arabia,1065,28,8,0,0,0,0,0,0,0,0,2,12,0,2,1,0,4,6,1,0,0,0,0,0,0,1,0,0,0,0,0,0,0,0,0,0,0,0,0,0,0,0,0,0,0,0,0,0,0,0,0,0,0,0,0,19,14,0,0,0,1,0,0,1,0,0,0,0,0,0,0,0,0,0,0,0
149210,Venezuela,1654,3,1,1,5,44,0,27,0,48,11,0,0,2,29,35,0,1,45,0,25,0,0,0,0,0,0,0,0,0,0,0,0,0,2,1,1,1,0,0,0,0,0,0,0,0,0,0,0,2,0,1,0,1,0,0,3,7,19,2,3,13,0,4,0,0,0,0,0,0,1,1,1,15,0,6,1
474696,Saudi Arabia,68,0,0,0,0,0,0,0,0,1,0,0,0,0,0,1,0,0,0,0,0,0,0,0,0,0,0,0,0,0,0,0,0,0,0,0,1,0,0,0,0,0,0,0,0,0,0,0,0,0,0,0,0,0,0,0,1,0,0,0,0,0,0,2,0,0,0,0,0,0,0,0,0,0,0,0,0
64658,Cameroon,375,0,0,0,0,0,0,0,0,4,1,0,0,1,5,8,0,0,3,1,3,0,0,0,0,0,0,0,0,0,0,0,0,0,0,0,0,0,0,0,0,0,1,0,0,0,0,0,0,0,0,0,0,0,1,0,2,0,0,0,0,2,0,2,0,0,0,0,0,0,0,1,0,0,0,0,0
474861,Tunisia,472,1,4,0,0,4,0,3,0,4,1,0,0,1,6,4,0,2,11,0,7,0,0,0,0,0,0,0,0,0,0,0,0,0,0,0,0,0,0,0,0,0,0,0,1,0,1,0,0,0,0,0,0,1,0,0,4,3,2,1,0,4,0,2,0,0,0,0,0,0,0,2,0,2,0,0,0
149489,Colombia,1798,2,3,0,4,15,0,3,0,48,23,0,0,0,16,25,0,7,25,1,10,0,0,0,0,0,0,0,0,0,0,0,0,0,1,1,0,1,0,0,0,0,1,0,0,0,0,0,0,0,0,1,0,3,0,0,5,15,1,7,1,15,0,12,0,0,0,0,0,0,1,1,0,0,1,0,1
93989,Serbia,803,1,0,0,0,0,0,0,0,5,0,0,0,0,9,14,0,0,9,0,5,0,0,0,0,0,0,0,0,0,0,0,0,0,0,0,1,0,0,0,0,0,0,1,0,0,0,0,0,0,0,0,0,2,0,0,5,0,0,0,0,8,0,6,0,0,0,0,0,2,2,3,0,2,0,0,0
169576,Brazil,1938,8,5,0,1,0,0,0,0,7,1,0,0,0,6,28,1,4,57,0,11,0,0,0,0,0,0,0,0,0,0,0,0,0,0,0,4,0,0,0,0,0,0,0,0,0,0,0,0,0,0,0,0,1,0,0,7,25,0,0,2,18,0,0,1,0,0,0,0,0,0,1,0,1,0,0,0
50233,Serbia,480,2,0,0,0,0,0,0,0,4,1,0,0,1,2,3,0,0,5,1,1,0,0,0,0,0,0,0,0,0,0,0,0,0,0,0,1,0,0,0,0,0,0,0,1,0,0,0,1,0,0,0,0,0,0,0,1,1,0,0,0,3,1,1,0,0,0,0,0,0,1,0,0,0,0,0,0
68509,Croatia,1270,35,9,0,0,0,0,0,0,0,0,7,14,0,1,7,1,3,4,0,0,0,0,0,0,3,1,0,0,0,0,0,0,0,0,0,0,0,0,0,0,0,1,0,0,0,0,0,0,0,0,0,0,0,0,0,22,14,1,0,0,0,0,2,0,0,0,0,0,0,0,0,0,0,0,0,0
109902,Saudi Arabia,1208,6,1,0,0,0,0,0,0,9,3,0,0,0,4,11,0,0,33,0,12,0,0,0,0,0,0,0,0,0,0,0,0,0,0,0,4,0,0,0,0,0,0,1,1,0,0,0,0,0,0,0,1,0,0,0,4,10,0,0,0,10,2,1,0,0,0,0,0,0,0,3,0,0,0,0,1
176269,Saudi Arabia,62,1,1,0,0,0,0,0,0,0,0,0,0,0,0,0,0,0,0,0,0,0,0,0,0,0,0,0,0,0,0,0,0,0,0,0,0,0,0,0,0,0,0,0,0,0,0,0,0,0,0,0,0,0,0,0,0,0,0,0,0,0,0,0,0,0,0,0,0,0,0,0,0,0,0,0,0
176269,Saudi Arabia,794,0,1,0,0,0,0,0,0,2,0,0,0,2,5,6,0,1,12,0,5,0,0,0,0,0,0,0,0,0,0,0,0,0,0,0,2,0,0,0,0,0,0,0,0,0,2,0,0,0,1,0,0,1,0,0,2,3,0,0,0,4,2,3,0,0,0,0,0,0,2,6,0,0,0,0,1
431231,Saudi Arabia,350,0,0,0,0,0,0,0,0,0,1,0,0,0,3,10,0,1,5,0,1,0,0,0,0,0,0,0,0,0,0,0,0,0,0,0,0,0,0,0,0,0,0,0,0,0,0,0,0,0,0,0,0,1,0,0,0,0,0,0,0,5,0,2,0,0,0,0,0,0,0,1,0,0,0,0,0
246848,Saudi Arabia,90,0,0,0,0,0,0,0,0,0,0,0,0,0,0,0,0,0,0,0,0,1,1,0,0,0,1,0,3,0,0,3,0,2,0,0,0,0,1,2,0,0,0,0,0,0,0,0,0,0,0,0,0,0,0,0,0,0,0,0,0,0,0,0,0,0,0,3,0,0,0,0,0,0,0,0,0
443256,Saudi Arabia,53,0,0,0,0,1,0,0,0,0,0,0,0,0,0,0,0,1,0,0,0,0,0,0,0,0,0,0,0,0,0,0,0,0,0,0,0,0,0,0,0,0,0,0,0,0,0,0,0,0,0,0,0,0,0,0,0,0,0,0,0,1,0,0,0,0,0,0,0,0,0,0,0,0,0,0,0
57317,Peru,787,13,7,0,0,0,0,0,0,0,0,3,9,0,1,5,0,5,2,0,0,0,0,0,0,0,0,0,0,0,0,0,0,0,0,0,0,0,0,0,0,0,0,0,0,0,0,0,0,0,0,0,0,0,1,0,17,12,0,0,0,0,0,1,0,0,0,0,0,0,0,0,0,0,0,0,0
471194,Saudi Arabia,108,0,0,0,0,0,0,0,0,1,1,0,0,0,1,1,0,1,6,0,0,0,0,0,0,0,0,0,0,0,0,0,0,0,0,0,0,0,0,0,0,0,0,0,0,0,0,0,0,0,0,0,0,0,0,0,0,0,0,0,0,0,0,0,0,0,0,0,0,0,0,0,0,0,0,0,0
61144,Brazil,2070,48,19,0,0,0,0,0,0,1,1,5,25,0,2,12,0,10,6,0,0,0,0,0,0,0,0,0,0,0,0,0,0,0,0,0,1,0,0,0,0,0,0,0,0,0,0,0,0,0,1,1,0,1,0,0,64,44,1,0,0,3,1,0,0,0,0,0,0,1,0,1,0,0,0,0,2
204118,Colombia,494,1,1,0,0,0,0,0,0,5,1,0,0,0,4,5,0,1,8,0,3,0,0,0,0,0,0,0,0,0,0,0,0,0,0,0,0,0,0,0,0,0,0,0,0,0,0,0,0,0,0,0,0,0,0,0,1,4,0,0,0,2,0,1,0,0,0,0,0,0,0,0,0,0,0,0,0
222343,Brazil,948,2,1,0,0,0,0,0,0,3,1,0,0,1,8,12,0,0,10,0,15,0,0,0,0,0,0,0,0,0,0,0,0,0,0,0,0,0,0,0,0,0,0,2,0,0,0,1,0,0,0,0,0,4,0,0,1,3,0,0,0,4,1,3,0,0,0,0,0,0,4,1,0,0,0,0,0
101313,Portugal,1530,36,9,0,0,0,0,0,0,0,0,3,23,0,0,7,0,5,11,0,0,0,0,0,0,1,0,0,0,0,0,0,0,0,0,0,0,0,0,0,0,0,1,0,0,0,0,0,0,0,0,0,0,0,0,0,33,19,0,0,0,1,0,1,0,0,0,0,0,1,0,0,0,0,0,0,0
149235,Venezuela,436,1,1,0,0,0,0,0,0,2,0,0,0,1,5,13,0,0,1,0,0,0,0,0,0,0,0,0,0,0,0,0,0,0,0,0,1,0,0,0,0,0,0,0,0,0,0,0,0,0,1,0,2,1,0,0,1,0,0,0,0,1,2,3,0,0,0,0,0,0,0,2,0,0,0,0,3
179436,Brazil,1496,1,3,0,7,28,0,9,0,30,17,0,0,1,12,21,1,2,24,0,5,0,0,0,0,0,0,0,0,0,0,0,0,0,0,0,3,0,0,0,0,0,0,1,0,0,0,0,0,0,0,2,0,0,0,0,0,12,6,6,5,17,1,7,0,0,0,0,0,0,2,3,0,1,1,0,2
191742,Brazil,1913,3,0,0,2,16,1,3,1,12,4,0,0,2,13,19,0,1,34,0,13,0,0,0,0,0,0,0,0,0,0,0,0,0,0,0,1,0,0,0,0,0,0,2,1,0,0,0,1,1,0,0,1,1,0,0,1,6,1,2,1,25,2,2,0,0,0,0,0,0,1,8,1,4,0,0,1
117348,Brazil,1506,0,0,0,2,1,0,1,0,8,0,0,0,2,11,17,0,1,28,0,10,0,0,0,0,0,0,0,0,0,0,0,0,0,0,0,0,0,0,0,0,0,1,0,2,0,0,0,0,0,2,0,0,0,0,0,1,5,1,0,0,18,1,2,0,0,0,0,0,1,2,2,1,4,0,0,2
14729,Spain,623,10,2,0,0,0,0,0,0,0,0,1,11,0,2,5,0,3,7,0,0,0,0,0,0,0,0,0,0,0,0,0,0,0,0,0,0,0,0,0,0,0,0,0,0,0,0,0,0,0,0,0,0,1,0,0,7,16,0,0,0,0,0,0,0,0,0,0,0,0,1,0,0,0,0,0,0
102685,Costa Rica,239,0,0,0,0,3,0,1,0,7,4,0,0,0,3,4,0,3,5,0,0,0,0,0,0,0,0,0,0,0,0,0,0,0,0,1,0,0,0,0,0,0,0,0,0,0,0,0,0,0,0,0,0,0,0,0,0,5,1,0,0,2,0,0,0,0,0,0,0,0,0,0,0,2,0,1,0
177808,Saudi Arabia,438,2,0,0,0,0,0,0,0,1,0,0,0,0,0,7,0,3,4,0,0,0,0,0,0,0,0,0,0,0,0,0,0,0,0,0,1,0,0,0,0,0,0,0,0,0,0,0,0,0,0,0,0,1,1,0,1,9,0,0,0,2,0,0,0,0,0,0,0,0,0,0,0,0,0,0,0
247654,Saudi Arabia,270,8,3,0,0,0,0,0,0,4,0,1,4,0,2,3,0,2,3,0,0,0,0,0,0,0,0,0,0,0,0,0,0,0,0,0,0,0,0,0,0,0,0,0,0,0,0,0,0,0,0,0,0,0,1,0,2,5,0,0,0,2,0,0,0,0,0,0,0,0,0,0,0,0,0,0,0
442536,Saudi Arabia,36,0,2,0,0,0,0,0,0,0,0,0,0,0,0,0,0,0,1,0,0,0,0,0,0,0,0,0,0,0,0,0,0,0,0,0,0,0,0,0,0,0,0,0,0,0,0,0,0,0,0,0,0,0,0,0,0,0,0,0,0,3,0,0,0,0,0,0,0,0,0,1,0,0,0,0,0
149448,Saudi Arabia,1640,26,17,0,0,1,0,0,0,37,16,6,19,0,13,7,2,5,13,0,4,0,0,0,0,0,0,0,0,0,0,0,0,0,0,0,0,0,0,0,0,0,0,0,0,0,0,0,0,0,0,0,0,0,0,0,20,43,0,6,1,5,0,0,0,0,0,0,0,0,0,0,0,1,0,0,0
109960,Saudi Arabia,65,1,0,0,0,0,0,0,0,0,0,0,0,0,0,1,0,0,0,0,0,0,0,0,0,0,0,0,0,0,0,0,0,0,0,0,0,0,0,0,0,0,0,0,0,0,0,0,0,0,0,0,0,0,0,0,1,2,0,0,0,0,0,0,0,0,0,0,0,0,0,0,0,0,0,0,0
109960,Saudi Arabia,447,1,0,0,0,0,0,0,0,9,0,0,0,0,3,4,0,1,1,0,0,0,0,0,0,0,0,0,0,0,0,0,0,0,0,0,2,0,0,0,0,0,0,0,0,0,0,0,0,0,0,0,0,0,0,0,1,7,0,0,0,0,0,1,0,0,0,0,0,1,1,0,1,0,0,0,0
218862,Saudi Arabia,1123,36,20,0,0,0,0,0,0,0,0,0,29,1,0,9,1,14,3,0,0,0,0,0,0,0,0,0,0,0,0,0,0,0,0,0,0,0,0,0,0,0,1,0,0,0,0,0,0,0,1,0,0,0,0,0,36,37,0,0,0,3,1,1,0,0,0,0,0,0,0,0,0,0,0,0,1
468271,Saudi Arabia,17,0,0,0,0,0,0,0,0,0,0,0,0,0,0,0,0,0,0,0,0,0,0,0,0,0,0,0,0,0,0,0,0,0,0,0,0,0,0,0,0,0,0,0,0,0,0,0,0,0,0,0,0,0,0,0,0,0,0,0,0,0,0,0,0,0,0,0,0,0,0,0,0,0,0,0,0
248895,Saudi Arabia,1440,55,20,0,0,0,0,0,0,0,0,1,28,0,0,6,1,16,11,0,0,0,0,0,0,0,0,0,0,0,0,0,0,0,0,0,0,0,0,0,0,0,0,0,0,0,0,0,0,0,0,0,0,0,0,1,28,36,0,0,0,3,0,0,2,0,0,0,0,0,1,0,0,0,0,0,0
473241,Saudi Arabia,4,0,0,0,0,0,0,0,0,0,0,0,0,0,0,0,0,0,0,0,0,0,0,0,0,0,0,0,0,0,0,0,0,0,0,0,0,0,0,0,0,0,0,0,0,0,0,0,0,0,0,0,0,0,0,0,0,0,0,0,0,0,0,0,0,0,0,0,0,0,0,0,0,0,0,0,0
111199,Saudi Arabia,390,1,1,0,4,4,0,0,0,10,3,0,0,0,5,4,0,1,8,0,2,0,0,0,0,0,0,0,0,0,0,0,0,0,0,0,1,0,0,0,0,0,0,0,0,0,0,0,0,0,0,0,0,0,0,0,1,2,0,2,0,8,0,2,0,0,0,0,0,1,0,0,0,2,0,0,0
109951,Saudi Arabia,908,16,8,0,0,1,0,0,0,29,3,2,5,0,3,10,0,7,6,0,2,0,0,0,0,0,0,0,0,0,0,0,0,0,0,0,0,0,0,0,0,0,0,0,0,0,0,0,0,0,0,0,0,0,0,0,9,27,0,0,0,2,0,2,0,0,0,0,0,0,0,0,0,0,0,0,0
124932,Saudi Arabia,1161,3,2,0,2,0,0,0,0,3,1,0,0,3,11,27,0,2,21,0,13,0,0,0,0,0,0,0,0,0,0,0,0,0,1,0,0,0,0,0,0,0,0,0,3,0,0,0,2,0,1,1,0,2,0,0,6,3,0,0,0,16,3,8,0,0,0,0,0,1,1,3,0,3,0,0,2
109763,Saudi Arabia,1417,1,0,0,2,0,0,0,0,30,7,0,0,2,18,18,1,3,19,1,13,0,0,0,0,0,0,0,0,0,0,0,0,0,0,1,2,0,0,0,0,0,0,1,0,0,0,0,1,0,0,1,1,1,0,0,2,11,0,2,0,19,2,5,0,0,0,0,0,0,1,3,0,1,0,0,2
208867,Saudi Arabia,90,1,1,0,0,0,0,0,0,3,1,0,1,0,0,1,0,0,1,0,0,0,0,0,0,0,0,0,0,0,0,0,0,0,0,0,0,0,0,0,0,0,0,0,0,0,0,0,0,0,0,0,0,0,0,0,1,1,0,0,0,0,0,0,0,0,0,0,0,0,0,0,0,0,0,0,0
442532,Saudi Arabia,65,0,0,0,0,0,0,0,0,0,1,0,0,0,0,0,0,0,1,0,0,0,0,0,0,0,0,0,0,0,0,0,0,0,0,0,0,0,0,0,0,0,0,0,0,0,0,0,0,0,0,0,0,0,0,0,0,0,0,0,0,1,0,0,0,0,0,0,0,0,1,0,0,0,0,0,0
109759,Saudi Arabia,540,0,2,1,2,3,0,1,0,6,1,0,0,2,3,5,0,2,7,1,1,0,0,0,0,0,0,0,0,0,0,0,0,0,0,0,0,0,0,0,0,0,0,0,0,0,0,1,0,0,0,1,0,0,0,0,0,6,0,1,0,15,0,0,0,0,0,0,0,0,0,0,1,0,0,0,1
112249,Saudi Arabia,740,3,0,0,4,2,0,0,0,20,5,0,0,1,8,9,0,0,8,0,4,0,0,0,0,0,0,0,0,0,0,0,0,0,0,1,1,0,0,0,0,0,0,1,0,0,0,0,0,0,0,0,0,0,0,0,0,8,0,3,0,6,0,2,0,0,0,0,0,0,0,0,0,0,0,0,0
112583,Saudi Arabia,1829,72,19,0,0,0,0,0,0,1,1,1,32,0,3,9,2,10,19,0,0,0,0,0,0,0,0,0,0,0,0,0,0,0,0,0,1,0,0,0,0,0,0,0,0,0,0,0,0,0,0,0,0,0,0,0,29,45,0,1,0,4,0,0,0,0,0,0,0,0,0,0,0,0,0,0,0
223604,Saudi Arabia,29,0,0,0,0,0,0,0,0,0,0,0,0,0,0,0,0,0,0,0,0,0,0,0,0,0,0,0,0,0,0,0,0,0,0,0,0,0,0,0,0,0,0,0,0,0,0,0,0,0,0,0,0,0,0,0,1,0,0,0,0,0,0,0,0,0,0,0,0,0,0,0,0,0,0,0,0
244448,Saudi Arabia,1356,12,6,0,2,0,0,0,0,34,5,0,12,1,7,15,1,3,10,0,4,0,0,0,0,0,0,0,0,0,0,0,0,0,0,0,0,0,0,0,0,0,0,0,0,0,0,0,0,0,0,1,0,1,0,0,4,9,0,5,0,8,1,8,0,0,0,0,0,0,2,1,1,0,0,0,1
105734,Brazil,1824,9,7,1,11,21,1,3,1,19,13,0,0,0,6,32,0,9,12,0,1,0,0,0,0,0,0,0,0,0,0,0,0,0,0,0,0,0,0,0,0,0,0,0,0,0,0,0,0,0,0,0,0,1,0,0,4,47,1,3,10,10,0,1,0,0,0,0,0,0,0,0,0,3,0,1,0
93194,Ivoire,428,0,1,0,0,0,0,0,0,0,1,0,0,0,1,10,0,2,10,0,0,0,0,0,0,0,0,0,0,0,0,0,0,0,0,0,0,0,0,0,0,0,0,0,0,0,0,0,0,0,0,0,0,2,0,0,2,9,0,1,0,1,0,0,0,0,0,0,0,0,0,0,1,0,0,0,0
161225,Saudi Arabia,197,0,0,0,2,1,0,1,0,3,1,0,0,0,3,6,0,0,7,0,2,0,0,0,0,0,0,0,0,0,0,0,0,0,0,0,0,0,0,0,0,0,0,1,1,0,0,0,0,0,0,0,0,0,0,0,0,3,0,1,0,2,0,1,0,0,0,0,0,0,1,0,0,0,0,0,0
161225,Saudi Arabia,23,0,0,0,1,0,0,0,0,1,0,0,0,0,0,1,0,0,0,0,0,0,0,0,0,0,0,0,0,0,0,0,0,0,0,0,0,0,0,0,0,0,0,0,0,0,0,0,0,0,0,0,0,0,0,0,0,0,0,0,0,1,0,0,0,0,0,0,0,0,0,0,0,0,0,0,0
133316,Saudi Arabia,585,6,7,0,0,0,0,0,0,16,3,2,5,0,2,7,1,5,5,0,1,0,0,0,0,0,0,0,0,0,0,0,0,0,0,1,0,0,0,0,0,0,0,0,0,0,0,0,0,0,0,0,0,0,0,0,7,14,0,0,0,4,0,0,0,0,0,0,0,0,1,0,1,0,0,0,0
468266,Saudi Arabia,946,11,9,0,0,0,0,0,0,16,4,6,7,0,3,13,0,4,9,0,2,0,0,0,0,0,0,0,0,0,0,0,0,0,0,0,1,0,0,0,0,0,0,0,0,0,0,0,0,0,0,0,0,0,0,0,11,46,0,1,0,9,0,0,0,0,0,0,0,0,0,0,0,0,0,0,0
100684,Brazil,360,3,0,0,3,1,0,0,0,8,3,0,0,0,6,7,0,0,5,0,3,0,0,0,0,0,0,0,0,0,0,0,0,0,0,0,1,0,0,0,0,0,0,0,0,0,0,0,0,0,0,0,0,0,0,0,2,1,0,1,0,5,0,1,0,0,0,0,0,0,0,0,2,0,0,0,0
110182,Saudi Arabia,1068,6,4,0,0,0,0,0,0,4,3,1,5,0,2,14,0,6,15,0,5,0,0,0,0,0,0,0,0,0,0,0,0,0,0,0,0,0,0,0,0,0,0,0,0,0,0,0,0,0,0,0,0,0,0,0,3,13,0,0,0,5,0,1,0,0,0,0,0,0,0,0,0,0,0,0,0
72594,Bosnia and Herzegovina,797,40,11,0,0,0,0,0,0,0,0,1,15,0,0,2,0,5,4,0,0,0,0,0,0,0,0,0,0,0,0,0,0,0,0,0,0,0,0,0,0,0,0,0,0,0,0,0,0,0,0,0,0,0,0,0,23,22,0,0,0,1,0,0,0,0,0,0,0,0,0,0,0,0,0,0,0
209139,Saudi Arabia,1122,28,14,0,0,0,0,0,0,5,2,4,18,0,4,9,0,5,6,0,0,0,0,0,0,0,0,0,0,0,0,0,0,0,0,0,0,0,0,0,0,0,0,0,0,0,0,0,0,0,0,0,0,0,0,0,23,31,0,0,0,3,0,2,2,0,0,0,0,1,0,1,0,0,0,0,0
101779,Brazil,831,3,4,0,0,0,0,0,0,10,2,1,2,0,4,17,0,4,6,0,8,0,0,0,0,0,0,0,0,0,0,0,0,0,0,0,1,0,0,0,0,0,0,0,1,0,0,0,0,0,0,0,0,0,0,0,4,15,0,2,0,11,1,1,0,0,0,0,0,0,1,1,1,1,0,0,0
14553,Spain,102,0,0,0,0,0,0,0,0,0,0,0,0,1,1,1,0,0,1,0,0,0,0,0,0,0,0,0,0,0,0,0,0,0,0,0,0,0,0,0,0,0,0,1,1,0,0,0,0,0,0,0,0,0,0,0,0,0,0,0,0,0,0,2,0,0,0,0,0,0,0,0,0,0,0,0,0
52381,Brazil,1241,8,3,0,0,0,0,0,0,1,1,0,0,0,0,16,0,2,37,0,1,0,0,0,0,0,0,0,0,0,0,0,0,0,0,0,3,0,0,0,0,0,1,0,0,0,0,0,0,0,0,0,0,2,1,0,8,42,0,0,0,17,0,2,0,0,0,0,0,0,0,0,1,1,0,0,0
83289,Romania,281,0,0,0,1,6,0,4,1,8,8,0,0,0,4,2,0,0,3,0,2,0,0,0,0,0,0,0,0,0,0,0,0,0,2,0,0,0,0,0,0,0,0,0,0,0,0,0,0,0,0,0,0,0,0,0,0,2,2,3,1,1,0,0,0,0,0,0,0,0,0,0,1,1,0,1,0
439430,Saudi Arabia,1701,12,6,0,0,1,0,0,0,3,0,0,0,0,4,18,0,10,10,0,0,0,0,0,0,0,0,0,0,0,0,0,0,0,0,0,0,0,0,0,0,0,0,0,0,0,0,0,0,0,0,0,0,1,0,0,6,33,0,0,0,8,0,0,0,0,0,0,0,0,0,0,0,5,0,0,0
168418,Saudi Arabia,69,2,1,0,0,0,0,0,0,0,0,0,0,0,0,0,0,0,1,0,0,0,0,0,0,0,0,0,0,0,0,0,0,0,0,0,0,0,0,0,0,0,0,0,0,0,0,0,0,0,0,0,0,0,0,0,3,2,0,0,0,0,0,0,0,0,0,0,0,0,0,0,0,0,0,0,0
180594,Saudi Arabia,1799,20,2,0,0,0,0,0,0,44,8,9,15,0,17,29,0,4,20,0,8,0,0,0,0,0,0,0,0,0,0,0,0,0,1,1,2,0,0,0,0,0,0,0,2,0,0,0,0,0,0,0,0,2,0,0,14,37,0,5,0,2,1,0,0,0,0,0,0,0,0,2,0,4,0,0,0
114557,Saudi Arabia,722,1,1,1,3,19,0,10,1,18,7,0,0,0,7,10,0,5,7,0,5,0,0,0,0,0,0,0,0,0,0,0,0,0,0,0,0,0,0,0,0,0,0,0,0,0,0,0,0,0,0,0,0,1,0,0,1,9,5,3,3,14,0,1,0,0,0,0,0,0,0,2,0,0,0,1,0
109959,Saudi Arabia,1553,55,19,0,0,0,0,0,0,1,0,5,27,0,2,6,0,7,5,0,0,0,0,0,0,0,0,0,0,0,0,0,0,0,0,0,0,0,0,0,0,0,0,0,0,0,0,0,0,0,0,0,0,0,0,0,33,33,0,0,1,6,0,0,0,0,0,0,0,1,0,1,0,0,0,0,0
194384,Saudi Arabia,782,5,1,0,1,4,0,0,0,10,2,0,0,2,9,8,0,2,8,0,4,0,0,0,0,0,0,0,0,0,0,0,0,0,0,0,1,0,0,0,0,0,0,1,1,0,0,0,0,0,0,0,0,1,0,0,0,1,0,0,0,7,0,5,0,0,0,0,0,0,2,2,2,0,0,0,0
36606,Saudi Arabia,504,1,0,0,1,0,0,0,0,2,1,0,0,1,2,9,0,1,5,0,0,0,0,0,0,0,0,0,0,0,0,0,0,0,0,0,0,0,0,0,0,0,0,0,1,0,0,0,0,0,0,0,0,1,0,0,0,2,0,1,0,9,1,0,0,0,0,0,0,0,0,1,0,1,0,0,0
36606,Saudi Arabia,171,0,0,0,1,1,0,0,0,0,0,0,0,0,0,9,0,0,3,0,0,0,0,0,0,0,0,0,0,0,0,0,0,0,0,0,0,0,0,0,0,0,0,0,0,0,0,0,0,0,0,0,0,0,0,0,0,4,0,0,0,2,0,0,0,0,0,0,0,0,0,0,0,0,0,0,0
153160,Saudi Arabia,1937,53,8,0,0,0,0,0,0,4,0,6,25,0,2,15,1,10,14,0,2,0,0,0,0,0,0,0,0,0,0,0,0,0,0,0,0,0,0,0,0,0,0,0,0,0,0,0,0,0,0,0,0,0,1,0,19,38,0,0,0,0,0,0,0,0,0,0,0,0,0,0,0,0,0,0,0
241365,Syria,1692,10,2,0,0,0,0,0,0,2,1,0,2,0,2,16,0,11,6,0,1,0,0,0,0,0,0,0,0,0,0,0,0,0,0,0,0,0,0,0,0,0,0,0,0,0,0,0,0,0,0,0,0,1,0,0,9,48,0,0,0,12,0,0,0,0,0,0,0,1,2,1,1,4,0,0,0
161222,Saudi Arabia,137,2,1,0,0,0,0,0,0,1,0,0,3,0,0,1,0,2,1,0,0,0,0,0,0,0,0,0,0,0,0,0,0,0,0,0,0,0,0,0,0,0,0,0,0,0,0,0,0,0,0,0,0,0,0,0,0,1,0,0,0,0,0,0,0,0,0,0,0,0,0,0,0,0,0,0,0
247659,Saudi Arabia,144,0,0,0,0,0,0,0,0,0,3,0,3,0,0,1,0,2,2,0,0,0,0,0,0,0,0,0,0,0,0,0,0,0,0,1,0,0,0,0,0,0,0,0,0,0,0,0,0,0,0,0,0,0,0,0,0,3,0,1,0,3,0,0,0,0,0,0,0,0,0,0,0,0,0,0,0
155744,Cameroon,2001,7,0,0,0,0,0,0,0,9,5,0,0,2,14,51,0,0,21,3,15,0,0,0,0,0,0,0,1,0,0,0,0,0,0,1,3,0,0,0,0,0,1,2,8,0,0,0,5,0,0,2,1,3,0,0,20,9,0,2,0,31,6,14,0,0,0,0,0,2,1,4,0,3,0,0,3
110165,Saudi Arabia,1302,6,3,0,1,2,0,0,0,25,10,1,10,0,7,20,1,6,16,0,7,0,0,0,0,0,0,0,0,0,0,0,0,0,0,0,1,0,0,0,0,0,0,0,0,0,0,0,0,0,0,0,0,2,1,0,10,29,0,2,0,4,0,3,1,0,0,0,0,0,0,0,3,0,0,0,0
154093,Cameroon,1858,54,11,0,0,0,0,0,0,1,0,3,45,0,1,7,2,6,10,0,0,0,0,0,0,0,0,0,0,0,0,0,0,0,0,0,0,0,0,0,0,0,2,0,0,0,0,0,0,0,0,0,0,0,1,0,57,44,0,0,0,4,2,1,0,0,0,0,0,1,0,0,0,1,0,1,0
52574,Brazil,347,1,2,0,0,3,0,1,0,22,5,0,4,0,3,4,0,2,6,0,1,0,0,0,0,0,0,0,0,0,0,0,0,0,0,0,0,0,0,0,0,0,0,0,0,0,0,0,0,0,0,0,0,1,0,0,6,2,1,3,2,5,0,0,0,0,0,0,0,0,1,0,1,0,3,0,0
52042,Congo DR,915,6,3,0,0,2,0,0,0,0,0,0,0,0,3,11,0,7,7,0,4,0,0,0,0,0,0,0,0,0,0,0,0,0,0,0,0,0,0,0,0,0,1,0,0,0,0,0,0,0,0,0,0,0,0,0,3,21,0,0,0,2,0,0,0,0,0,0,0,0,0,1,1,1,0,0,0
202915,Gambia,417,2,0,0,0,0,0,0,0,3,0,0,0,2,6,7,0,0,6,0,3,0,0,0,0,0,0,0,0,0,0,0,0,0,0,0,0,0,0,0,0,0,1,0,0,0,0,0,0,0,0,0,1,1,0,0,0,1,0,0,0,7,0,7,0,0,0,0,0,1,0,1,1,0,0,0,1
105045,Georgia,720,15,9,0,0,0,0,0,0,1,0,1,12,0,0,7,0,4,9,0,0,0,0,0,0,0,0,0,0,0,0,0,0,0,0,0,0,0,0,0,0,0,0,0,0,0,0,0,0,0,0,0,0,0,0,0,12,22,0,0,0,0,0,0,0,0,0,0,0,0,0,0,0,0,0,0,0
250789,Saudi Arabia,77,0,1,0,0,0,0,0,0,2,0,0,0,0,1,1,0,0,0,0,3,0,0,0,0,0,0,0,0,0,0,0,0,0,0,0,0,0,0,0,0,0,0,0,0,0,0,0,0,0,0,0,0,0,0,0,0,2,0,0,0,0,0,0,0,0,0,0,0,0,1,0,0,0,0,0,0
26848,Greece,1789,20,7,0,0,0,0,0,0,3,0,1,6,0,3,20,0,7,16,1,0,0,0,0,0,0,0,0,0,0,0,0,0,0,0,0,1,0,0,0,0,0,1,0,0,0,0,0,0,0,0,0,0,0,0,0,22,37,0,0,0,11,1,0,0,0,0,0,0,0,0,1,0,2,0,0,0
172882,Brazil,307,0,0,0,1,6,0,4,0,7,4,0,0,0,7,3,0,0,4,0,4,0,0,0,0,0,0,0,0,0,0,0,0,0,0,0,0,0,0,0,0,0,0,1,0,0,0,0,0,0,0,0,0,0,0,0,1,7,2,2,0,6,1,1,0,0,0,0,0,0,0,0,1,3,0,1,0
42783,Chile,1561,2,3,0,9,39,1,24,1,33,14,0,0,1,16,12,0,0,25,0,10,0,0,0,0,0,0,0,0,0,0,0,0,0,1,0,1,1,0,0,0,0,1,0,0,1,0,0,0,0,0,0,0,1,0,0,5,11,20,2,7,32,0,1,0,0,0,0,0,0,1,0,5,0,2,0,0
83680,Saudi Arabia,454,2,6,0,0,0,0,0,0,0,0,0,0,0,0,0,0,0,1,0,0,0,2,2,4,12,12,0,14,0,0,21,1,6,0,0,0,0,5,0,1,0,0,0,0,0,0,0,0,0,0,0,0,0,0,0,0,0,0,0,0,0,0,0,0,0,12,3,3,0,0,0,0,0,0,0,0
109731,Saudi Arabia,1292,6,2,0,0,0,0,0,0,6,0,0,0,0,1,19,0,10,21,0,0,0,0,0,0,0,0,0,0,0,0,0,0,0,0,0,1,0,0,0,0,0,0,0,0,0,0,0,0,0,0,0,0,1,0,0,4,22,0,0,0,9,0,0,0,0,0,0,0,0,0,0,0,1,0,0,0
232472,Saudi Arabia,195,1,1,0,0,0,0,0,0,0,0,0,0,0,0,4,0,0,7,0,1,0,0,0,0,0,0,0,0,0,0,0,0,0,0,0,0,0,0,0,0,0,0,0,0,0,0,0,0,0,0,0,0,0,0,0,0,4,0,0,0,2,0,0,0,0,0,0,0,0,0,0,0,0,0,0,0
110073,Saudi Arabia,453,5,2,0,0,2,0,1,0,10,5,1,7,0,4,6,0,2,2,0,1,0,0,0,0,0,0,0,0,0,0,0,0,0,0,0,0,0,0,0,0,0,0,0,0,0,0,0,0,0,0,0,0,0,0,0,3,13,2,2,0,2,0,0,0,0,0,0,0,0,0,0,0,0,0,0,0
55950,Australia,2070,61,14,0,0,0,0,0,0,0,1,5,34,0,1,16,0,4,15,0,0,0,0,0,0,0,0,0,0,0,0,0,0,0,0,0,0,0,0,0,0,0,1,0,0,0,0,0,0,0,0,0,0,0,0,0,59,26,0,0,0,4,0,0,1,0,0,0,0,0,0,0,0,0,0,0,0
167772,Brazil,974,6,7,0,0,0,0,0,0,3,0,0,0,0,2,11,0,1,3,0,0,0,0,0,0,0,0,0,0,0,0,0,0,0,0,0,1,0,0,0,0,0,0,0,0,0,0,0,0,0,0,0,0,1,0,0,10,18,0,0,0,4,0,0,0,0,0,0,0,0,1,0,0,0,0,0,0
76176,Ghana,211,1,0,0,0,0,0,0,0,0,0,0,0,0,0,2,1,0,3,0,2,0,0,0,0,0,0,0,0,0,0,0,0,0,0,0,0,0,0,0,0,0,0,0,0,0,0,0,0,0,0,0,0,0,0,0,1,2,0,0,1,1,0,0,0,0,0,0,0,0,0,0,0,0,0,0,0
109868,Saudi Arabia,112,4,0,0,0,1,0,0,0,0,0,0,3,0,1,0,0,0,2,0,1,0,0,0,0,0,0,0,0,0,0,0,0,0,0,0,0,0,0,0,0,0,0,0,0,0,0,0,0,0,0,0,0,0,0,0,0,3,0,0,0,0,0,0,0,0,0,0,0,0,0,0,0,0,0,0,0
83695,Saudi Arabia,903,0,0,0,10,17,0,2,0,19,6,0,0,2,6,2,0,0,4,0,2,0,0,0,0,0,0,0,0,0,0,0,0,0,0,0,1,0,0,0,0,0,0,1,0,0,0,0,0,0,1,0,1,0,0,0,0,11,2,0,3,11,0,3,0,0,0,0,0,0,1,0,2,0,1,0,2
106956,Saudi Arabia,107,0,0,0,0,0,0,0,0,0,0,0,0,0,0,2,0,2,0,0,0,0,0,0,0,0,0,0,0,0,0,0,0,0,0,0,0,0,0,0,0,0,0,0,0,0,0,0,0,0,0,0,0,0,0,0,1,3,0,0,0,0,0,0,0,0,0,0,0,0,0,0,0,0,0,0,0
178284,Saudi Arabia,1006,15,13,0,0,0,0,0,0,19,3,3,17,0,2,4,1,2,21,0,2,0,0,0,0,0,0,0,0,0,0,0,0,0,0,0,0,0,0,0,0,0,0,0,0,0,0,0,0,0,0,0,0,0,0,0,5,19,0,0,0,3,0,0,0,0,0,0,0,0,0,1,0,0,0,0,0
109962,Saudi Arabia,1259,12,6,0,0,0,0,0,0,36,5,5,13,0,12,20,0,9,9,0,5,0,0,0,0,0,0,0,0,0,0,0,0,0,0,0,1,0,0,0,0,0,0,0,1,0,0,0,0,0,0,0,0,1,0,0,12,29,0,3,0,10,0,0,0,0,0,0,0,0,0,0,0,3,0,0,0
110913,Saudi Arabia,1147,47,14,0,0,0,0,0,0,1,0,5,13,0,0,4,1,7,9,0,0,0,0,0,0,0,0,0,0,0,0,0,0,0,1,0,0,0,0,0,0,0,0,0,0,0,0,0,0,0,0,0,0,0,0,0,24,33,0,0,0,1,0,0,1,0,0,0,0,0,0,0,0,0,0,0,0
37418,Saudi Arabia,270,1,2,0,0,0,0,0,0,0,0,0,0,0,0,0,0,0,2,0,0,0,1,0,3,8,6,0,6,0,0,16,0,3,0,0,0,0,2,0,0,2,0,0,0,0,0,0,0,0,0,0,0,0,0,0,0,0,0,0,0,0,0,0,0,0,3,7,1,0,0,0,0,0,0,0,0
180722,Saudi Arabia,1718,22,13,0,0,0,0,0,0,18,5,6,26,0,4,13,0,1,11,2,6,0,0,0,0,1,0,0,0,0,0,0,0,0,0,0,0,0,0,0,0,0,0,0,0,0,0,0,0,0,0,0,1,1,1,0,17,30,0,1,0,13,0,0,0,0,0,0,0,0,0,0,0,1,0,0,1
423621,Saudi Arabia,211,2,1,0,0,4,0,0,0,0,1,0,0,0,0,5,0,2,2,0,0,0,0,0,0,0,0,0,0,0,0,0,0,0,0,0,0,0,0,0,0,0,0,0,0,0,0,0,0,0,0,0,0,0,0,0,1,3,0,0,0,0,0,1,0,0,0,0,0,0,0,0,0,0,0,0,0
442530,Saudi Arabia,66,0,0,0,0,0,0,0,0,0,0,0,0,0,2,2,0,0,1,0,3,0,0,0,0,0,0,0,0,0,0,0,0,0,0,0,0,0,0,0,0,0,0,0,0,0,0,0,0,0,0,0,0,0,0,0,2,0,0,0,0,0,0,0,0,0,0,0,0,0,0,2,0,1,0,0,0
235503,Syria,1337,6,1,0,3,14,0,5,0,36,9,0,0,0,18,15,0,2,25,1,8,0,0,0,0,0,0,0,0,0,0,0,0,0,0,1,2,0,0,0,0,0,0,0,0,0,0,0,0,0,0,0,0,1,0,0,1,7,2,3,0,9,0,3,0,0,0,0,0,0,0,0,0,2,0,0,0
235503,Syria,369,1,0,0,0,0,0,2,0,6,1,0,0,0,4,1,0,2,5,0,1,0,0,0,0,0,0,0,0,0,0,0,0,0,1,0,0,0,0,0,0,0,0,0,0,0,0,0,0,0,0,0,0,0,0,0,1,11,1,0,0,6,0,0,0,0,0,0,0,0,0,1,0,0,0,0,0
432601,Saudi Arabia,212,1,1,0,0,0,0,0,0,0,0,0,7,0,0,2,1,1,1,0,0,0,0,0,0,0,0,0,0,0,0,0,0,0,0,0,0,0,0,0,0,0,0,0,0,0,0,0,0,0,0,0,0,0,0,0,5,11,0,0,0,0,0,0,0,0,0,0,0,0,0,1,0,0,0,0,0
216590,Saudi Arabia,1236,37,12,0,0,0,0,0,0,0,0,4,17,0,0,14,1,5,9,0,0,0,0,0,0,0,0,0,0,0,0,0,0,0,0,0,0,0,0,0,0,0,0,0,0,0,0,0,0,0,0,0,0,0,0,0,34,24,0,0,0,0,0,0,0,0,0,0,0,0,0,0,0,0,0,0,0
62370,Bolivia,287,1,1,0,0,0,0,0,0,2,1,0,0,0,1,2,0,0,2,0,1,0,0,0,0,0,0,0,0,0,0,0,0,0,0,0,0,0,0,0,0,0,0,0,0,0,0,0,0,0,0,0,0,0,0,0,6,2,0,0,0,2,0,6,0,0,0,0,0,0,0,1,0,0,0,0,0
109891,Brazil,2000,4,0,0,14,40,1,11,0,32,17,0,0,3,10,13,0,3,7,0,6,0,0,0,0,0,0,0,0,0,0,0,0,0,0,0,3,1,0,0,0,0,0,2,1,3,0,0,0,0,0,0,0,2,0,0,0,16,9,7,3,36,2,6,0,0,0,0,0,0,4,0,6,0,2,0,0
148503,Egypt,1099,5,0,0,4,8,1,0,0,4,2,0,0,1,11,10,0,2,5,0,1,0,0,0,0,0,0,0,0,0,0,0,0,0,0,0,2,0,0,0,0,0,0,1,0,0,1,0,0,0,0,0,0,0,0,0,1,5,0,0,0,19,1,3,0,0,0,0,0,0,0,0,0,4,0,1,0
217610,Tunisia,540,9,4,0,0,4,0,3,0,12,4,1,15,0,2,3,0,4,5,0,2,0,0,0,0,0,0,0,0,0,0,0,0,0,0,0,0,0,0,0,0,0,0,0,0,0,0,0,0,0,0,0,0,1,0,0,5,6,3,2,1,2,0,0,0,0,0,0,0,0,0,0,0,0,0,0,0
109816,Saudi Arabia,249,1,1,0,0,0,0,0,0,0,0,0,0,0,0,0,0,0,0,0,0,0,0,0,5,11,4,0,7,2,1,8,0,2,0,0,0,0,9,0,1,0,0,0,0,0,0,0,0,0,0,0,0,0,0,0,0,1,0,0,0,0,0,0,0,0,8,3,1,0,0,0,0,0,0,0,0
234519,Saudi Arabia,241,0,1,0,0,0,0,0,0,1,1,0,0,0,2,3,0,1,3,0,3,0,0,0,0,0,0,0,0,0,0,0,0,0,0,0,0,0,0,0,0,0,0,0,1,0,0,0,0,0,1,0,0,0,0,0,0,1,0,1,0,2,0,0,0,0,0,0,0,0,0,2,0,0,0,0,1
223621,Saudi Arabia,226,3,1,0,1,0,0,0,0,0,0,0,0,0,0,0,0,2,3,0,1,0,0,0,0,0,0,0,0,0,0,0,0,0,0,0,0,0,0,0,0,0,0,0,0,0,0,0,0,0,0,0,0,0,0,0,1,4,0,0,0,0,0,0,0,0,0,0,0,0,0,0,0,0,0,0,0
212338,Saudi Arabia,1014,1,2,0,2,6,0,3,1,11,5,0,0,0,7,13,0,2,19,0,11,0,0,0,0,0,0,0,0,0,0,0,0,0,0,0,1,0,0,0,0,0,0,1,0,1,0,0,0,0,0,0,0,1,0,0,1,6,1,2,1,14,2,1,0,0,0,0,0,0,2,0,2,0,1,0,0
212338,Saudi Arabia,361,0,0,0,1,1,0,0,0,8,3,0,0,0,3,1,0,1,13,0,7,0,0,0,0,0,0,0,0,0,0,0,0,0,0,0,1,0,0,0,0,0,0,0,0,0,0,0,0,0,0,0,0,0,0,0,1,2,0,0,0,7,0,0,0,0,0,0,0,0,0,0,3,0,0,0,0
109927,Saudi Arabia,681,6,5,0,1,0,0,0,0,1,0,0,0,0,1,13,0,0,14,0,1,0,0,0,0,0,0,0,0,0,0,0,0,0,0,0,0,0,0,0,0,0,0,0,0,0,0,0,0,0,0,0,0,1,0,0,5,17,0,0,0,2,0,0,0,0,0,0,0,0,0,0,0,1,0,0,0
420825,Saudi Arabia,177,1,0,0,0,0,0,0,0,1,0,1,0,0,0,1,0,0,1,0,0,0,0,0,0,0,0,0,0,0,0,0,0,0,0,0,0,0,0,0,0,0,0,0,0,0,0,0,0,0,0,0,0,0,1,0,0,5,0,0,0,0,0,0,0,0,0,0,0,0,0,0,0,0,0,0,0
420825,Saudi Arabia,402,5,0,0,0,0,0,0,0,2,1,0,0,0,2,6,0,2,4,0,0,0,0,0,0,0,0,0,0,0,0,0,0,0,0,0,0,0,0,0,0,0,0,0,0,0,0,0,0,0,0,0,0,0,0,0,1,9,0,1,0,2,0,1,0,0,0,0,0,0,0,0,0,1,0,0,0
464185,Saudi Arabia,360,10,4,0,0,0,0,0,0,0,0,0,4,0,0,1,0,3,2,0,0,0,0,0,0,0,0,0,0,0,0,0,0,0,0,0,0,0,0,0,0,0,0,0,0,0,0,0,0,0,0,0,0,0,0,0,9,12,0,0,0,1,0,0,0,0,0,0,0,0,0,0,0,0,0,0,0
423618,Saudi Arabia,825,30,7,0,0,0,0,0,0,3,0,1,15,0,1,5,0,5,9,0,0,0,0,0,0,0,0,0,0,0,0,0,0,0,0,0,0,0,0,0,0,0,0,0,0,0,0,0,0,0,0,0,0,1,0,0,19,34,0,0,0,1,0,0,0,0,0,0,0,1,0,0,0,0,0,0,0
214166,Saudi Arabia,682,3,3,0,0,0,0,0,0,0,0,0,0,0,1,7,0,5,9,0,1,0,0,0,0,0,0,0,0,0,0,0,0,0,0,0,0,0,0,0,0,0,0,0,0,0,0,0,0,0,0,0,0,0,1,0,1,16,0,0,0,9,0,0,0,0,0,0,0,0,1,0,1,1,0,0,0
444683,Saudi Arabia,795,2,1,0,0,0,0,0,0,4,2,0,0,4,7,16,0,0,4,2,6,0,0,0,0,0,0,0,0,0,0,0,0,0,0,0,1,0,0,0,0,0,0,1,5,0,0,0,0,0,1,0,4,0,0,0,3,2,0,1,0,18,2,4,0,0,0,0,0,0,1,4,0,2,0,0,5
152795,Saudi Arabia,782,0,0,0,4,10,0,6,1,18,8,0,0,2,8,8,0,3,12,2,6,0,0,0,0,0,0,0,0,0,0,0,0,0,0,0,3,1,0,0,0,0,0,3,0,0,0,0,0,0,1,1,0,1,1,0,0,3,4,3,1,13,2,4,0,0,0,0,0,0,0,0,2,0,0,0,2
431034,Saudi Arabia,827,6,3,0,3,15,0,7,0,21,4,0,2,1,6,6,0,1,12,0,6,0,0,0,0,0,0,0,0,0,0,0,0,0,1,0,0,1,0,0,0,0,0,1,0,0,0,0,0,0,0,0,0,0,0,0,0,10,2,0,2,11,0,0,0,0,0,0,0,0,0,0,0,2,0,0,0
106968,Saudi Arabia,540,15,7,0,0,0,0,0,0,0,0,0,13,0,1,1,0,3,5,0,0,0,0,0,0,0,0,0,0,0,0,0,0,0,0,0,0,0,0,0,0,0,0,0,0,0,0,0,0,0,0,0,0,0,0,0,11,5,0,0,0,0,0,0,0,0,0,0,0,1,0,0,0,0,0,0,0
432380,Saudi Arabia,900,18,13,0,0,0,0,0,0,17,6,3,13,0,2,6,0,8,4,0,0,0,0,0,0,0,0,0,0,0,0,0,0,0,0,0,0,0,0,0,0,0,0,0,0,0,0,0,0,0,0,0,0,0,0,0,13,38,0,2,0,2,0,1,0,0,0,0,0,0,0,0,0,0,0,0,0
83684,Saudi Arabia,1710,25,12,0,0,0,0,1,0,36,7,4,19,0,9,6,0,2,5,0,0,0,0,0,0,0,0,0,0,0,0,0,0,0,0,0,0,0,0,0,0,0,0,1,0,0,0,0,0,0,0,0,0,0,0,0,14,32,0,2,0,10,0,2,0,0,0,0,0,0,3,0,0,1,0,0,0
197372,Saudi Arabia,11,0,0,0,0,0,0,0,0,5,0,0,0,0,1,0,0,0,0,0,0,0,0,0,0,0,0,0,0,0,0,0,0,0,0,0,0,0,0,0,0,0,0,0,0,0,0,0,0,0,0,0,0,0,0,0,1,0,0,0,0,0,0,0,0,0,0,0,0,0,0,0,0,0,0,0,0
197372,Saudi Arabia,810,4,2,0,0,0,0,0,0,19,8,4,12,0,3,8,0,2,1,0,0,0,0,0,0,1,0,0,0,0,0,0,0,0,0,0,0,0,0,0,0,0,0,0,0,0,0,0,0,0,0,0,0,0,0,0,4,13,0,4,0,4,0,0,0,0,0,0,0,0,0,0,1,0,0,0,0
466808,Saudi Arabia,90,0,1,0,0,0,0,0,0,0,0,0,0,0,0,0,0,0,0,0,0,0,1,0,2,4,1,0,3,0,1,3,0,0,0,0,0,0,4,0,0,1,0,0,0,0,0,0,0,0,0,0,0,0,0,0,0,0,0,0,0,0,0,0,0,0,2,1,0,0,0,0,0,0,0,0,0
191741,Saudi Arabia,1245,24,15,0,0,1,0,0,0,9,2,2,21,0,0,9,0,6,21,0,3,0,0,0,0,0,0,0,0,0,0,0,0,0,0,0,0,0,0,0,0,0,0,0,0,0,0,0,0,0,0,0,0,0,0,0,11,34,0,1,0,5,0,0,0,0,0,0,0,0,0,0,0,0,0,0,0
442254,Saudi Arabia,80,0,0,0,0,0,0,0,0,1,1,0,0,0,2,2,0,0,4,0,0,0,0,0,0,0,0,0,0,0,0,0,0,0,0,0,0,0,0,0,0,0,0,0,0,0,0,0,0,0,0,0,0,0,0,0,1,0,0,0,0,0,0,0,0,0,0,0,0,0,0,0,0,0,0,0,0
109739,Saudi Arabia,306,2,4,0,0,0,0,0,0,0,0,0,0,0,0,0,0,0,1,0,0,1,1,0,7,11,6,0,1,1,0,7,0,4,0,0,0,0,6,1,1,0,0,0,0,0,0,0,0,0,0,0,0,0,0,0,0,0,0,0,0,0,0,0,0,0,7,6,2,0,0,0,0,0,0,0,0
246480,Saudi Arabia,6,0,0,0,0,0,0,0,0,0,0,0,0,0,0,1,0,0,1,0,0,0,0,0,0,0,0,0,0,0,0,0,0,0,0,0,0,0,0,0,0,0,0,0,0,0,0,0,0,0,0,0,0,0,0,0,0,0,0,0,0,0,0,0,0,0,0,0,0,0,0,0,0,0,0,0,0
245402,Saudi Arabia,303,3,0,0,0,0,0,0,0,0,0,0,0,0,0,4,0,0,4,0,0,0,0,0,0,0,0,0,0,0,0,0,0,0,0,0,0,0,0,0,0,0,0,0,0,0,0,0,0,0,0,0,0,0,0,0,1,1,0,0,0,0,0,0,0,0,0,0,0,0,0,0,0,1,0,0,0
245402,Saudi Arabia,830,2,1,0,0,0,0,0,0,1,1,0,0,0,0,10,0,2,12,0,0,0,0,0,0,0,0,0,0,0,0,0,0,0,0,0,0,0,0,0,0,0,0,0,0,0,0,0,0,0,0,0,0,0,0,0,1,16,0,0,0,3,0,0,0,0,0,0,0,0,0,0,0,0,0,0,0
109733,Saudi Arabia,380,0,0,0,0,0,0,0,0,0,0,0,0,0,1,0,0,0,2,0,0,0,4,1,11,15,6,0,8,1,0,11,0,6,0,0,0,0,6,0,2,0,0,0,0,0,0,0,0,0,0,0,0,0,0,0,0,0,0,0,0,0,0,0,0,0,2,3,0,0,0,0,0,0,0,0,0
109857,Saudi Arabia,270,0,4,0,0,0,0,0,0,0,0,0,0,0,0,0,0,0,0,0,0,0,2,1,0,7,7,0,8,1,0,18,0,5,0,0,0,0,5,1,0,0,0,0,0,0,0,0,0,0,0,0,0,0,0,0,0,0,0,0,0,1,0,0,0,0,9,4,1,0,0,0,0,0,0,0,0
109857,Saudi Arabia,45,0,0,0,0,0,0,0,0,0,0,0,0,0,0,0,0,0,0,0,0,0,1,0,0,2,4,0,0,0,0,4,0,1,0,0,0,0,1,0,1,1,0,0,0,0,0,0,0,0,0,0,0,0,0,0,0,0,0,0,0,0,0,0,0,0,1,1,0,0,0,0,0,0,0,0,0
114556,Saudi Arabia,244,2,4,0,0,0,0,0,0,0,0,0,0,0,0,0,0,0,1,0,0,0,1,0,2,17,11,0,3,0,0,4,0,2,0,0,0,0,7,0,0,0,0,0,0,0,0,0,0,0,0,0,0,0,0,0,0,0,0,0,0,0,0,0,0,0,12,3,1,0,0,0,0,0,0,0,0
131577,Saudi Arabia,90,1,0,0,0,0,0,0,0,1,1,0,0,0,0,2,0,0,0,0,1,0,0,0,0,0,0,0,0,0,0,0,0,0,0,0,0,0,0,0,0,0,0,0,0,0,0,0,0,0,0,0,0,0,0,0,0,1,0,0,0,0,0,0,0,0,0,0,0,0,0,0,0,0,0,0,0
131577,Saudi Arabia,645,3,2,0,0,0,0,0,0,4,1,0,0,0,3,3,0,0,8,0,1,0,0,0,0,0,0,0,0,0,0,0,0,0,0,0,1,0,0,0,0,0,0,0,0,0,0,0,0,1,0,1,1,0,0,0,1,4,0,1,0,4,0,3,0,0,0,0,0,0,0,1,1,0,0,0,2
179007,Saudi Arabia,1950,15,18,0,5,19,1,9,1,45,9,4,34,0,12,18,0,8,31,1,6,0,0,0,0,0,0,0,0,0,0,0,0,0,1,0,0,0,0,0,0,0,0,1,0,0,0,0,0,0,0,0,0,0,0,0,13,40,4,4,1,10,1,0,0,0,0,0,0,0,0,0,1,0,3,0,0
433627,Saudi Arabia,141,2,1,0,0,0,0,0,0,0,1,0,4,0,0,1,0,2,1,0,0,0,0,0,0,0,0,0,0,0,0,0,0,0,0,0,0,0,0,0,0,0,0,0,0,0,0,0,0,0,0,0,0,0,0,0,2,8,0,0,0,0,0,0,0,0,0,0,0,0,0,0,0,0,0,0,0
464073,Saudi Arabia,329,1,1,0,0,2,0,1,0,3,1,0,0,1,4,7,0,1,6,0,1,0,0,0,0,0,0,0,0,0,0,0,0,0,0,0,1,0,0,0,0,0,0,0,1,0,0,0,0,0,0,0,0,0,0,0,0,3,0,0,1,2,0,0,0,0,0,0,0,0,1,0,0,2,0,0,0
464099,Saudi Arabia,270,9,5,0,0,0,0,0,0,0,1,1,6,0,0,1,0,0,3,0,0,0,0,0,0,0,0,0,0,0,0,0,0,0,0,0,0,0,0,0,0,0,0,0,0,0,0,0,0,0,0,0,0,0,0,0,6,7,0,0,0,0,0,0,0,0,0,0,0,0,0,0,0,0,0,0,0
109963,Saudi Arabia,520,12,3,0,0,0,0,0,0,1,0,1,7,0,0,6,0,6,5,0,0,0,0,0,0,1,0,0,0,0,0,0,0,0,0,0,0,0,0,0,0,0,0,0,0,0,0,0,0,0,0,0,0,0,0,0,1,16,0,0,0,2,0,1,0,0,0,0,0,0,0,0,0,0,0,0,0
159492,Saudi Arabia,435,9,11,0,0,0,0,0,0,3,0,3,3,0,0,7,0,2,0,0,0,0,0,0,0,0,0,0,0,0,0,0,0,0,0,0,0,0,0,0,0,0,0,0,0,0,0,0,0,0,0,0,0,0,0,0,8,1,0,0,0,1,0,0,0,0,0,0,0,0,0,0,0,0,0,0,0
433461,Saudi Arabia,90,0,0,0,0,0,0,0,0,0,0,0,0,0,0,1,0,0,1,0,0,0,0,0,0,0,0,0,0,0,0,0,0,0,0,0,0,0,0,0,0,0,0,0,0,0,0,0,0,0,0,0,0,0,0,0,0,0,0,0,0,0,0,0,0,0,0,0,0,0,0,1,0,0,0,0,0
433461,Saudi Arabia,22,1,1,0,0,0,0,0,0,0,0,0,0,0,0,0,0,0,0,0,0,0,0,0,0,0,0,0,0,0,0,0,0,0,0,0,0,0,0,0,0,0,0,0,0,0,0,0,0,0,0,0,0,0,0,0,1,3,0,0,0,0,0,0,0,0,0,0,0,0,0,0,0,0,0,0,0
168414,Saudi Arabia,849,3,2,0,0,0,0,0,0,4,1,0,0,0,4,6,0,3,14,0,5,0,0,0,0,0,0,0,0,0,0,0,0,0,0,0,1,0,0,0,0,0,0,0,0,0,0,0,0,0,0,0,0,0,0,0,1,17,0,1,0,7,0,0,0,0,0,0,0,0,0,0,0,1,0,0,0
424186,Saudi Arabia,344,8,3,0,0,0,0,0,0,12,2,0,6,0,2,8,0,2,0,0,2,0,0,0,0,0,0,0,0,0,0,0,0,0,0,0,0,0,0,0,0,0,0,0,0,0,0,0,0,0,0,0,0,0,0,0,4,8,0,2,0,0,0,1,0,0,0,0,0,0,0,0,0,1,0,0,0
174834,Saudi Arabia,1176,1,3,0,0,0,0,0,0,2,1,0,0,0,2,8,0,2,18,1,8,0,0,0,0,0,0,0,0,0,0,0,0,0,0,0,2,0,0,0,0,0,0,1,0,0,0,0,0,0,0,0,0,0,1,0,0,27,0,0,0,14,0,1,0,0,0,0,0,0,0,1,0,3,0,1,0
204199,Saudi Arabia,166,0,0,0,0,0,0,0,0,1,0,0,0,0,0,4,0,0,3,0,4,0,0,0,0,0,0,0,0,0,0,0,0,0,0,0,0,0,0,0,0,0,0,0,0,0,0,0,0,0,0,0,0,0,0,0,0,0,0,0,0,2,0,1,0,0,0,0,0,0,0,0,0,0,0,0,0
109955,Saudi Arabia,10,1,0,0,0,0,0,0,0,0,0,0,0,0,0,0,0,0,0,0,0,0,0,0,0,0,0,0,0,0,0,0,0,0,0,0,0,0,0,0,0,0,0,0,0,0,0,0,0,0,0,0,0,0,0,0,0,0,0,0,0,0,0,0,0,0,0,0,0,0,0,0,0,0,0,0,0
233279,Saudi Arabia,1095,5,3,0,0,1,0,0,0,24,7,2,5,0,10,19,1,8,12,0,3,0,0,0,0,0,0,0,0,0,0,0,0,0,0,0,0,0,0,0,0,0,0,0,0,0,0,0,0,0,0,0,0,0,0,0,9,23,0,2,0,8,0,0,0,0,0,0,0,0,0,0,3,0,0,0,0
445444,Saudi Arabia,159,0,0,0,0,0,0,0,0,1,0,0,0,0,0,0,0,0,3,0,2,0,0,0,0,0,0,0,0,0,0,0,0,0,0,0,0,0,0,0,0,0,0,0,0,0,0,0,0,0,0,0,0,0,0,0,0,0,0,0,0,1,0,0,0,0,0,0,0,0,0,0,0,0,0,0,0
442626,0,7,0,0,0,0,0,0,0,0,0,0,0,0,0,0,0,0,1,0,0,0,0,0,0,0,0,0,0,0,0,0,0,0,0,0,0,0,0,0,0,0,0,0,0,0,0,0,0,0,0,0,0,0,0,0,0,0,0,0,0,0,1,0,0,0,0,0,0,0,0,0,0,0,0,0,0,0
181117,Saudi Arabia,202,5,4,0,0,0,0,0,0,0,0,1,1,0,0,1,0,1,0,0,0,0,0,0,0,0,0,0,0,0,0,0,0,0,0,0,0,0,0,0,0,0,0,0,0,0,0,0,0,0,0,0,0,0,0,0,4,4,0,0,0,0,0,0,0,0,0,0,0,0,0,0,0,0,0,0,0
464101,Saudi Arabia,75,0,0,0,0,0,0,0,0,0,0,0,0,0,1,3,0,0,0,0,0,0,0,0,0,0,0,0,0,0,0,0,0,0,0,0,0,0,0,0,0,0,0,0,0,0,0,0,0,0,0,0,0,0,0,0,1,4,0,0,0,0,0,0,0,0,0,0,0,0,0,0,0,0,0,0,0
